id,first_name,last_name,email,born,gender,ip_address
1,Kyrstin,Hucklesby,khucklesby0@wordpress.com,20/02/2019,Female,176.213.38.20
2,Nevile,Carass,ncarass1@taobao.com,26/06/2014,Male,35.237.75.227
3,Sharon,Toderi,stoderi2@google.com.au,11/05/1984,Female,47.182.98.37
4,Sile,Farey,sfarey3@time.com,23/03/1939,Female,150.191.6.85
5,Aldrich,Blackall,ablackall4@wisc.edu,03/06/1940,Male,212.5.247.78
6,Donalt,Staddart,dstaddart5@blog.com,17/09/1913,Male,243.4.12.56
7,Lemmy,Bisley,lbisley6@reddit.com,15/03/1941,Male,112.45.211.32
8,Clarice,Moorerud,cmoorerud7@histats.com,18/01/1940,Female,173.156.104.43
9,Elene,Wasbrough,ewasbrough8@histats.com,27/05/1924,Female,108.238.4.1
10,Teddie,Whines,twhines9@dmoz.org,27/04/1976,Male,156.182.154.101
11,Audrey,Gimbart,agimbarta@cdc.gov,09/01/2007,Female,79.192.247.219
12,Zollie,Pownall,zpownallb@bbc.co.uk,12/04/1937,Male,162.5.103.92
13,Shae,Keady,skeadyc@intel.com,19/08/1951,Female,100.50.92.193
14,Hugh,Yvens,hyvensd@stumbleupon.com,09/04/1933,Male,50.152.236.110
15,Theodora,Hewkin,thewkine@cargocollective.com,11/02/1959,Female,167.24.72.71
16,Olive,Ruslen,oruslenf@hubpages.com,14/08/1997,Female,227.162.179.92
17,Katharina,Semble,ksembleg@newyorker.com,16/05/1991,Female,229.185.111.99
18,Gracia,McVeigh,gmcveighh@histats.com,11/10/1967,Female,170.28.108.216
19,Byrann,Blasoni,bblasonii@dmoz.org,26/08/1969,Male,146.244.147.213
20,Ertha,Pavluk,epavlukj@businesswire.com,26/09/1982,Female,139.228.37.63
21,Alessandro,Vogelein,avogeleink@skype.com,31/12/1917,Male,176.56.24.244
22,Munmro,Barwell,mbarwelll@live.com,01/11/2001,Male,86.115.68.92
23,Sonya,Sandes,ssandesm@bigcartel.com,15/12/1959,Female,36.56.252.98
24,Sascha,Christensen,schristensenn@addtoany.com,08/08/2008,Male,69.180.205.18
25,Jeffy,Briereton,jbrieretono@163.com,18/11/1963,Male,139.48.243.85
26,Aurelie,Denyukhin,adenyukhinp@house.gov,17/07/1918,Female,211.65.25.151
27,Mabel,Wellington,mwellingtonq@ebay.co.uk,16/11/2013,Female,87.255.190.63
28,Demetrius,Pedel,dpedelr@sina.com.cn,20/05/1977,Male,132.218.175.208
29,Town,Niccols,tniccolss@zimbio.com,06/05/2000,Male,84.155.213.168
30,Ronny,Lefridge,rlefridget@aol.com,22/07/1976,Male,149.7.8.250
31,Chelsae,Inchboard,cinchboardu@is.gd,01/12/1915,Female,80.236.47.214
32,Gillie,Clemendot,gclemendotv@aol.com,30/08/1995,Female,253.72.171.211
33,Adelice,Spalls,aspallsw@livejournal.com,01/12/1924,Female,1.184.93.103
34,Ebeneser,Wrankmore,ewrankmorex@moonfruit.com,28/07/1970,Male,48.250.224.159
35,Shea,Fealey,sfealeyy@domainmarket.com,07/11/1979,Male,37.144.183.213
36,Lanni,Patershall,lpatershallz@unesco.org,15/09/1910,Female,229.200.56.167
37,Malia,Phoebe,mphoebe10@list-manage.com,16/02/1923,Female,201.155.149.202
38,Harmon,Halhead,hhalhead11@zdnet.com,18/10/1973,Male,9.109.205.132
39,Wilbert,Lawden,wlawden12@google.pl,04/08/1971,Male,66.242.201.169
40,Luther,Todhunter,ltodhunter13@sun.com,15/01/1955,Male,72.223.5.131
41,Sonny,Cartlidge,scartlidge14@cam.ac.uk,23/08/1936,Male,151.196.62.186
42,Janey,Shreeves,jshreeves15@seesaa.net,23/07/2010,Female,233.249.78.213
43,Jareb,Edgerley,jedgerley16@aol.com,12/09/2000,Male,101.228.61.24
44,Madelina,Wolstenholme,mwolstenholme17@usa.gov,05/07/1987,Female,150.84.198.22
45,Lydia,Koppen,lkoppen18@washingtonpost.com,26/08/1967,Female,214.116.219.100
46,Mandel,Berzon,mberzon19@livejournal.com,25/06/1977,Male,39.121.230.205
47,Christoffer,Humfrey,chumfrey1a@soundcloud.com,27/07/1984,Male,0.248.122.170
48,Kelly,Venart,kvenart1b@rediff.com,15/11/1985,Male,40.228.240.117
49,Austen,Savary,asavary1c@dailymail.co.uk,01/06/1941,Male,233.59.235.168
50,Boy,Royans,broyans1d@4shared.com,27/03/1999,Male,239.40.27.238
51,Francisco,Varey,fvarey1e@wikipedia.org,04/11/1971,Male,60.211.95.193
52,Israel,Bim,ibim1f@ucoz.com,03/01/1944,Male,124.172.210.191
53,Hansiain,Hubball,hhubball1g@dell.com,23/11/1914,Male,77.50.196.43
54,Jerry,Clemence,jclemence1h@storify.com,12/07/1911,Female,134.207.26.103
55,Dominica,Fogg,dfogg1i@constantcontact.com,03/06/1952,Female,157.101.181.25
56,Munmro,Oran,moran1j@google.co.jp,08/04/1937,Male,104.165.82.2
57,Melisent,Lindner,mlindner1k@foxnews.com,04/06/1984,Female,121.68.2.220
58,Darice,Oels,doels1l@cdc.gov,07/07/1954,Female,229.24.49.49
59,Gustavus,Savary,gsavary1m@mozilla.com,01/08/1924,Male,78.236.112.171
60,Jessie,Carlucci,jcarlucci1n@bluehost.com,14/06/1911,Male,24.249.245.168
61,Dorothee,Whooley,dwhooley1o@cbc.ca,07/05/1996,Female,24.236.127.168
62,Nathalie,Bigham,nbigham1p@free.fr,24/02/1947,Female,21.21.169.246
63,Fawne,Kimbell,fkimbell1q@jigsy.com,11/10/1933,Female,245.9.225.175
64,Fidela,Tindall,ftindall1r@ifeng.com,03/04/1924,Female,30.41.165.181
65,Hans,Hankins,hhankins1s@seattletimes.com,13/03/1912,Male,220.145.122.193
66,Tobiah,Gregoraci,tgregoraci1t@youtube.com,06/09/1970,Male,19.140.33.232
67,Aaren,Lehemann,alehemann1u@amazonaws.com,06/09/1983,Female,158.74.75.187
68,Merrick,Thunnercliffe,mthunnercliffe1v@rambler.ru,08/08/1950,Male,227.129.132.192
69,Ginny,Gowanlock,ggowanlock1w@squidoo.com,15/09/1955,Female,100.118.238.160
70,Natale,Guillet,nguillet1x@boston.com,28/05/1947,Male,85.103.169.154
71,Marna,Morefield,mmorefield1y@paginegialle.it,01/09/1915,Female,241.115.27.8
72,Cathyleen,Tarquini,ctarquini1z@tinypic.com,10/05/1936,Female,169.134.0.207
73,Dewain,Mathevet,dmathevet20@freewebs.com,29/06/1978,Male,137.17.240.9
74,Haze,Ricioppo,hricioppo21@dot.gov,20/03/1921,Male,69.84.163.232
75,Hank,Allmann,hallmann22@sciencedirect.com,01/02/1926,Male,53.100.12.226
76,Cynde,Minall,cminall23@blogspot.com,03/04/1954,Female,177.53.40.92
77,Brigit,Coombs,bcoombs24@salon.com,01/06/2002,Female,139.177.133.155
78,Rowena,Huckerbe,rhuckerbe25@amazon.co.uk,10/10/1945,Female,218.27.246.236
79,Tim,Pfiffer,tpfiffer26@theatlantic.com,02/01/1942,Male,50.63.194.71
80,Martin,Hammill,mhammill27@live.com,26/01/1980,Male,17.154.82.177
81,Vikky,Kernell,vkernell28@state.gov,19/11/2005,Female,38.104.181.189
82,Read,Le Houx,rlehoux29@1688.com,03/12/1994,Male,226.72.53.115
83,Frank,Puig,fpuig2a@wikipedia.org,02/08/1928,Male,42.233.150.249
84,Neala,Malthus,nmalthus2b@businesswire.com,10/06/1953,Female,78.135.150.143
85,Ferrell,Bartolomieu,fbartolomieu2c@gmpg.org,19/05/1918,Male,83.86.80.226
86,Anne-marie,Delong,adelong2d@japanpost.jp,22/06/1946,Female,51.5.135.32
87,Goober,Habbert,ghabbert2e@vistaprint.com,04/08/1974,Male,76.65.168.52
88,Elihu,Baigrie,ebaigrie2f@etsy.com,27/07/1959,Male,225.23.108.212
89,Ethe,Ibotson,eibotson2g@cafepress.com,19/02/1944,Male,69.252.110.69
90,Fairfax,Antcliffe,fantcliffe2h@latimes.com,12/11/1934,Male,8.11.232.223
91,Netty,Cattrell,ncattrell2i@irs.gov,09/06/1929,Female,155.211.4.87
92,Rodolphe,Lack,rlack2j@360.cn,14/04/1915,Male,26.233.120.69
93,Jena,Paxman,jpaxman2k@timesonline.co.uk,28/04/1938,Female,203.186.41.151
94,Carmita,Di Dello,cdidello2l@cmu.edu,18/05/1989,Female,195.152.74.34
95,Blancha,Powney,bpowney2m@springer.com,12/08/1964,Female,152.92.46.138
96,Leanna,Tudor,ltudor2n@discuz.net,27/05/1999,Female,225.56.157.18
97,Nadine,Ramsdell,nramsdell2o@nytimes.com,07/08/1929,Female,138.71.63.68
98,Neddie,Baty,nbaty2p@unblog.fr,17/12/1975,Male,207.216.116.251
99,Ezechiel,Kelsall,ekelsall2q@wired.com,14/05/1912,Male,89.43.118.171
100,Dannie,Gallafant,dgallafant2r@blogger.com,05/01/1968,Female,186.183.247.229
101,Rickie,Pochet,rpochet2s@nba.com,18/05/1970,Male,251.180.69.62
102,Shaina,Yokelman,syokelman2t@edublogs.org,07/05/1967,Female,239.159.106.152
103,Brendin,Prettyman,bprettyman2u@hc360.com,21/06/1982,Male,72.217.221.8
104,Shermie,Parfrey,sparfrey2v@nature.com,03/03/1969,Male,92.194.251.50
105,Jaimie,Colbridge,jcolbridge2w@si.edu,04/03/1993,Male,7.84.111.234
106,Egon,Frostdicke,efrostdicke2x@java.com,17/03/1930,Male,49.139.38.245
107,Ricard,Ashborne,rashborne2y@webeden.co.uk,05/05/1977,Male,13.227.138.175
108,Julieta,Gullifant,jgullifant2z@army.mil,06/05/1957,Female,252.79.3.151
109,Janene,Barstock,jbarstock30@businessinsider.com,19/06/1943,Female,43.204.235.149
110,Gaelan,Kofax,gkofax31@sina.com.cn,10/09/1985,Male,172.145.70.51
111,Zarah,Yankin,zyankin32@amazon.de,08/02/1924,Female,27.203.240.94
112,Shela,Litherland,slitherland33@pcworld.com,26/10/2018,Female,27.35.189.34
113,Fitz,Argont,fargont34@addthis.com,05/04/1924,Male,127.14.60.132
114,Kimberlee,Flounders,kflounders35@pinterest.com,10/09/2016,Female,81.202.193.62
115,Morgan,Wahner,mwahner36@mozilla.com,10/07/2007,Female,255.44.118.107
116,Amitie,Grelka,agrelka37@hao123.com,28/03/1956,Female,114.8.144.18
117,Lanita,De Domenici,ldedomenici38@berkeley.edu,27/10/2015,Female,43.39.119.154
118,Wynn,Tuffin,wtuffin39@example.com,31/12/1945,Male,74.44.105.18
119,Reece,Dunbleton,rdunbleton3a@netlog.com,18/04/1945,Male,180.51.41.187
120,Lynn,Spackman,lspackman3b@github.io,28/01/1979,Male,34.53.149.5
121,Adorne,Fitt,afitt3c@europa.eu,12/01/2002,Female,61.21.65.194
122,Tabb,Wills,twills3d@dailymail.co.uk,19/09/1958,Male,84.55.154.90
123,Aldon,Gianettini,agianettini3e@qq.com,03/10/1960,Male,252.112.198.57
124,Daphne,Freegard,dfreegard3f@un.org,05/07/1979,Female,48.217.161.177
125,Kaye,Carabine,kcarabine3g@etsy.com,17/12/2016,Female,25.52.215.246
126,Barthel,Wigginton,bwigginton3h@constantcontact.com,18/06/2002,Male,39.18.168.117
127,Uriah,Chadwick,uchadwick3i@quantcast.com,27/05/1915,Male,76.135.2.134
128,Cornall,Louca,clouca3j@toplist.cz,28/04/1941,Male,29.169.90.253
129,Jordan,Cremer,jcremer3k@privacy.gov.au,25/04/1916,Male,61.94.179.19
130,Dido,Timoney,dtimoney3l@paypal.com,05/08/1995,Female,21.43.2.115
131,Berry,Gascoyne,bgascoyne3m@mozilla.com,20/04/2013,Female,183.14.217.167
132,Devina,Ballinghall,dballinghall3n@house.gov,23/12/1956,Female,62.3.176.236
133,Kirbie,Autin,kautin3o@xing.com,24/09/1970,Female,88.225.14.191
134,Towney,Bannon,tbannon3p@wisc.edu,15/03/1981,Male,94.191.253.240
135,Pauly,Partridge,ppartridge3q@mapquest.com,10/11/1929,Female,235.128.74.66
136,Francesco,Syrett,fsyrett3r@si.edu,13/08/1986,Male,120.166.159.60
137,Garry,Saban,gsaban3s@themeforest.net,09/04/1944,Male,211.225.59.85
138,Karlene,Hassin,khassin3t@soundcloud.com,28/10/1978,Female,77.154.111.209
139,Gram,Cowling,gcowling3u@state.gov,04/09/1994,Male,250.161.111.161
140,Sly,Schult,sschult3v@state.gov,26/07/2001,Male,251.95.6.197
141,Clarette,Huguet,chuguet3w@goo.gl,19/11/1920,Female,120.145.141.189
142,Jessalyn,Stancer,jstancer3x@liveinternet.ru,14/11/1915,Female,195.123.136.120
143,Ibrahim,Gready,igready3y@com.com,18/06/1926,Male,33.224.101.190
144,Miltie,Riseborough,mriseborough3z@sohu.com,08/04/1973,Male,218.246.206.201
145,Karalee,Andor,kandor40@g.co,11/10/1915,Female,130.243.68.63
146,Harvey,Wilprecht,hwilprecht41@1und1.de,09/03/1957,Male,57.198.20.141
147,Shalne,Coen,scoen42@1688.com,26/12/1971,Female,158.78.54.115
148,Joanne,Aggas,jaggas43@rakuten.co.jp,24/07/1941,Female,248.181.19.137
149,Leelah,Antonognoli,lantonognoli44@slideshare.net,14/08/1986,Female,94.49.255.132
150,Josias,Carabet,jcarabet45@livejournal.com,23/09/1982,Male,164.58.97.178
151,Ula,Skechley,uskechley46@japanpost.jp,04/07/1976,Female,63.18.114.169
152,Francoise,Barrett,fbarrett47@patch.com,03/04/1999,Female,200.163.52.51
153,Jerad,Leigh,jleigh48@va.gov,21/10/1961,Male,30.39.193.68
154,Claudia,Chester,cchester49@diigo.com,30/05/1934,Female,72.207.48.78
155,Ettore,McGinlay,emcginlay4a@cloudflare.com,18/06/2016,Male,161.68.30.96
156,Alberto,Blatherwick,ablatherwick4b@un.org,25/01/1966,Male,248.43.195.215
157,Dimitri,Crane,dcrane4c@merriam-webster.com,16/06/1936,Male,132.142.166.74
158,Damita,Jannex,djannex4d@icq.com,11/10/1924,Female,125.25.242.248
159,Marcelle,Neal,mneal4e@blogtalkradio.com,24/03/2006,Female,192.253.82.150
160,Carny,Szymanowicz,cszymanowicz4f@51.la,04/02/1932,Male,251.154.129.172
161,Dorie,Codd,dcodd4g@cloudflare.com,23/09/2017,Female,94.198.185.194
162,Russ,Chopping,rchopping4h@npr.org,09/04/1923,Male,92.96.166.115
163,Jacynth,Alti,jalti4i@jiathis.com,09/03/1959,Female,123.127.71.85
164,Enid,Timms,etimms4j@php.net,02/11/1938,Female,32.21.237.153
165,Junette,Yarranton,jyarranton4k@indiegogo.com,08/02/1988,Female,107.148.188.236
166,Eydie,Smallsman,esmallsman4l@google.com.au,10/01/1951,Female,140.16.114.110
167,Gerri,Guinn,gguinn4m@tamu.edu,03/06/1914,Male,94.101.80.93
168,Nert,Matushenko,nmatushenko4n@nsw.gov.au,25/07/1942,Female,205.152.66.64
169,Hunt,Stanyer,hstanyer4o@guardian.co.uk,11/11/1947,Male,75.179.157.174
170,Domenico,Genery,dgenery4p@blog.com,30/07/1924,Male,8.62.54.199
171,Hillary,Thynn,hthynn4q@nbcnews.com,19/09/2010,Male,140.201.21.124
172,Em,Silk,esilk4r@discovery.com,28/10/1918,Female,255.120.66.115
173,Fowler,Krolman,fkrolman4s@ca.gov,23/01/1943,Male,0.73.163.76
174,Lilly,Tuite,ltuite4t@phoca.cz,07/11/1913,Female,238.225.195.151
175,Marcelia,Whitehall,mwhitehall4u@google.co.uk,08/11/1929,Female,87.185.224.244
176,Hana,Arnholz,harnholz4v@boston.com,29/08/1928,Female,61.106.205.20
177,Sven,Holleworth,sholleworth4w@upenn.edu,25/05/1914,Male,229.27.255.167
178,Abdul,Bateup,abateup4x@hp.com,06/06/1916,Male,11.15.26.117
179,Roddie,Shearer,rshearer4y@cmu.edu,03/11/1974,Male,83.83.181.1
180,Jodee,Bebb,jbebb4z@jigsy.com,06/02/1974,Female,233.59.9.86
181,Cornelle,Bagger,cbagger50@reference.com,09/01/1919,Female,128.201.135.159
182,Harley,Glantz,hglantz51@wikimedia.org,13/12/1957,Male,91.127.222.243
183,Vernor,Becconsall,vbecconsall52@globo.com,18/01/1978,Male,155.29.174.165
184,Guillema,Barrick,gbarrick53@yellowpages.com,16/10/1987,Female,79.38.208.46
185,Judye,Dumberrill,jdumberrill54@xrea.com,25/11/2004,Female,64.59.55.71
186,Ricki,Ruckert,rruckert55@sciencedaily.com,22/09/1915,Male,145.4.203.154
187,Dave,Bell,dbell56@house.gov,07/07/2012,Male,168.73.10.83
188,Florrie,Smorthwaite,fsmorthwaite57@live.com,25/05/1941,Female,132.14.109.83
189,Valeria,Baxill,vbaxill58@netvibes.com,18/02/1977,Female,36.110.22.69
190,Vaughan,Innerstone,vinnerstone59@unblog.fr,08/03/2014,Male,145.149.137.35
191,Steffane,Attewell,sattewell5a@zdnet.com,11/06/1987,Female,91.89.219.122
192,Tony,Matej,tmatej5b@hatena.ne.jp,27/11/2011,Female,185.244.64.12
193,Glyn,Makeswell,gmakeswell5c@unblog.fr,21/01/1989,Female,10.231.63.65
194,Ira,M'Quharg,imquharg5d@aol.com,01/09/1920,Male,41.204.100.36
195,Gisele,Stair,gstair5e@yahoo.co.jp,05/10/1955,Female,196.136.158.244
196,Godfry,Cordier,gcordier5f@jimdo.com,13/01/1951,Male,35.99.29.82
197,Eleanore,Shuard,eshuard5g@bloomberg.com,06/07/1954,Female,224.196.131.3
198,Dewie,Kreutzer,dkreutzer5h@wp.com,19/06/1957,Male,47.176.120.75
199,Milka,Coppins,mcoppins5i@gnu.org,10/01/1955,Female,200.8.171.160
200,Bridie,Jedras,bjedras5j@parallels.com,27/03/2010,Female,209.241.118.63
201,Rheba,Grodden,rgrodden5k@yahoo.co.jp,11/06/1936,Female,180.222.114.29
202,Humberto,Grier,hgrier5l@hexun.com,08/05/1956,Male,220.193.245.245
203,Rayna,Cockell,rcockell5m@yellowpages.com,09/05/1933,Female,190.43.33.35
204,Norbie,Nehl,nnehl5n@alexa.com,04/07/1963,Male,146.74.26.131
205,Nicolai,Canton,ncanton5o@craigslist.org,21/12/1930,Male,98.81.10.201
206,Florella,Jager,fjager5p@reuters.com,16/03/1962,Female,134.154.83.241
207,Ame,Smither,asmither5q@earthlink.net,29/04/1963,Female,253.15.105.234
208,Ellsworth,Grigoryov,egrigoryov5r@sohu.com,05/01/1926,Male,118.167.56.215
209,Willyt,Solan,wsolan5s@cam.ac.uk,19/07/1977,Female,65.250.1.181
210,Livvyy,Weafer,lweafer5t@com.com,15/03/1967,Female,187.146.59.82
211,Franky,Norcock,fnorcock5u@jugem.jp,01/06/2016,Male,166.102.255.254
212,Farly,Cicccitti,fcicccitti5v@dot.gov,16/11/1986,Male,24.45.86.235
213,Moina,Paoloni,mpaoloni5w@over-blog.com,23/11/1936,Female,7.79.5.236
214,Boniface,Mongin,bmongin5x@smugmug.com,20/08/1940,Male,22.3.18.255
215,Robert,Stead,rstead5y@amazon.com,12/05/1972,Male,58.185.190.31
216,Katleen,Briddock,kbriddock5z@domainmarket.com,19/06/2001,Female,227.9.137.126
217,Gaven,Fenkel,gfenkel60@hc360.com,25/08/1985,Male,15.166.208.74
218,Rhett,Ryles,rryles61@unicef.org,29/11/1946,Male,96.173.157.63
219,Rosy,Caldecott,rcaldecott62@soundcloud.com,02/10/1934,Female,95.109.39.181
220,Saundra,Seyler,sseyler63@cloudflare.com,11/01/1981,Male,168.171.154.157
221,Taylor,Liversage,tliversage64@unblog.fr,28/12/1969,Male,86.195.235.102
222,Ki,Clurow,kclurow65@globo.com,20/02/1941,Female,237.41.1.187
223,Glenna,Sully,gsully66@archive.org,19/09/2009,Female,192.83.71.14
224,Mylo,Jouannin,mjouannin67@nasa.gov,14/05/1935,Male,94.247.77.8
225,Sharline,Creboe,screboe68@cyberchimps.com,05/05/1983,Female,214.30.200.150
226,Hartley,Daintrey,hdaintrey69@odnoklassniki.ru,23/12/1961,Male,99.119.62.125
227,Sherwood,Haggarty,shaggarty6a@cbsnews.com,14/11/1980,Male,9.46.144.149
228,Emmalynn,Donet,edonet6b@cbslocal.com,31/07/1931,Female,113.105.61.21
229,Tawnya,Heed,theed6c@bandcamp.com,17/01/1911,Female,91.195.116.228
230,Olivero,Millhouse,omillhouse6d@zdnet.com,04/04/1916,Male,89.164.129.59
231,Hildegaard,Guyer,hguyer6e@salon.com,15/08/1953,Female,39.224.119.64
232,Harwell,Schiersch,hschiersch6f@bing.com,17/03/1986,Male,220.241.142.4
233,Rhona,Thackwray,rthackwray6g@smh.com.au,15/05/1929,Female,183.17.222.151
234,Eran,Deluce,edeluce6h@de.vu,28/05/1991,Female,9.151.170.75
235,Gery,Van der Brugge,gvanderbrugge6i@usda.gov,24/08/1938,Male,186.25.87.111
236,Brett,Tydeman,btydeman6j@163.com,30/07/1995,Female,71.146.247.18
237,Viki,Bodham,vbodham6k@java.com,27/07/1930,Female,9.134.68.185
238,Alanah,Sawood,asawood6l@ameblo.jp,07/03/1981,Female,86.93.50.135
239,Brandie,McClinton,bmcclinton6m@pagesperso-orange.fr,13/05/1995,Female,221.152.196.203
240,Abel,Copnell,acopnell6n@simplemachines.org,25/03/1953,Male,41.173.2.131
241,Adams,Mustarde,amustarde6o@mozilla.com,18/05/1964,Male,112.100.193.104
242,Mersey,Oakland,moakland6p@sbwire.com,30/07/1998,Female,238.56.102.200
243,Trefor,Chevers,tchevers6q@ning.com,04/07/1949,Male,103.194.119.114
244,Salvatore,Hallwood,shallwood6r@over-blog.com,22/08/1999,Male,173.117.106.201
245,Cristian,Garbar,cgarbar6s@nifty.com,22/10/2016,Male,8.167.174.173
246,Elfrida,Kubek,ekubek6t@multiply.com,31/12/1966,Female,234.106.108.105
247,Sonny,Cicerone,scicerone6u@icio.us,06/11/1982,Male,103.147.38.203
248,Colene,Ceely,cceely6v@unesco.org,08/04/1927,Female,57.55.178.47
249,Laurena,Habberjam,lhabberjam6w@dedecms.com,17/11/1916,Female,29.160.165.173
250,Niel,Jochens,njochens6x@google.com,07/03/1927,Male,119.119.194.226
251,Fara,Staddart,fstaddart6y@feedburner.com,01/05/1953,Female,41.34.186.78
252,Andrea,Malins,amalins6z@ihg.com,20/10/2015,Male,75.178.104.65
253,Letty,Dearn,ldearn70@msu.edu,25/03/1979,Female,161.26.87.204
254,Kendre,Witheridge,kwitheridge71@mit.edu,10/02/2012,Female,218.52.164.205
255,Scotty,Heintsch,sheintsch72@pinterest.com,17/04/1984,Male,134.52.60.215
256,Georgianne,Boldock,gboldock73@foxnews.com,09/12/1919,Female,104.207.222.44
257,Javier,Kingsford,jkingsford74@un.org,27/01/1986,Male,124.200.43.226
258,Eda,Gratland,egratland75@edublogs.org,13/09/1925,Female,99.196.201.250
259,Shayna,Brittle,sbrittle76@mlb.com,23/12/1923,Female,66.45.179.55
260,Maryrose,Tamsett,mtamsett77@eepurl.com,09/03/1951,Female,198.148.185.74
261,Lionel,Stovell,lstovell78@storify.com,06/05/1973,Male,232.167.106.243
262,Neile,Treagust,ntreagust79@miibeian.gov.cn,27/06/1988,Female,144.230.139.45
263,Myra,Edlyne,medlyne7a@ezinearticles.com,31/05/1975,Female,148.225.142.69
264,Erika,Ambrosi,eambrosi7b@cyberchimps.com,29/01/1920,Female,187.83.98.241
265,Bekki,Chomicz,bchomicz7c@fotki.com,17/01/2017,Female,85.145.20.93
266,Klarika,Lagadu,klagadu7d@barnesandnoble.com,04/10/1931,Female,97.1.235.59
267,Paolo,Sandlin,psandlin7e@ovh.net,24/10/1937,Male,90.76.164.236
268,Lila,D'Antonio,ldantonio7f@gravatar.com,09/01/1923,Female,19.82.115.162
269,Lilly,Crosskill,lcrosskill7g@github.io,15/05/1959,Female,27.49.169.227
270,Cindee,Fundell,cfundell7h@webeden.co.uk,28/03/1948,Female,220.230.124.79
271,Bennie,Christofe,bchristofe7i@exblog.jp,16/04/2003,Male,100.45.113.76
272,Ezra,Gentner,egentner7j@canalblog.com,14/05/1967,Male,237.221.19.78
273,Upton,Lowey,ulowey7k@loc.gov,08/10/1967,Male,115.95.81.13
274,Maiga,Garnul,mgarnul7l@reference.com,23/01/1996,Female,170.69.93.149
275,Inglis,Probbings,iprobbings7m@cbc.ca,20/11/2008,Male,124.104.21.79
276,Ambros,Castle,acastle7n@reddit.com,11/12/1940,Male,107.71.27.249
277,Gregorius,Faunch,gfaunch7o@printfriendly.com,02/11/1954,Male,15.14.181.43
278,Chad,Crohan,ccrohan7p@ucsd.edu,25/06/1963,Female,66.254.242.89
279,Clemens,Kull,ckull7q@slashdot.org,13/12/2013,Male,240.243.220.224
280,Gabriele,Nicholson,gnicholson7r@icio.us,09/10/1925,Male,71.7.239.255
281,Mario,Matelaitis,mmatelaitis7s@scientificamerican.com,28/04/1993,Male,92.235.60.42
282,Quentin,Baumber,qbaumber7t@ed.gov,23/10/1944,Male,115.144.64.209
283,Jacklyn,Barkly,jbarkly7u@163.com,20/07/1951,Female,249.200.244.31
284,Keslie,Jacobowits,kjacobowits7v@microsoft.com,07/05/1978,Female,59.247.209.101
285,Dianemarie,Caldecott,dcaldecott7w@wufoo.com,15/07/1972,Female,40.30.152.86
286,Lorelei,Yter,lyter7x@aboutads.info,02/05/1979,Female,114.38.130.56
287,Katrinka,Matuszak,kmatuszak7y@cdc.gov,08/07/1986,Female,80.40.6.131
288,Demetria,Servant,dservant7z@umn.edu,12/12/1988,Female,223.130.6.174
289,Brigid,Dollman,bdollman80@nih.gov,10/07/1953,Female,237.103.178.3
290,Saunders,Dunge,sdunge81@instagram.com,27/02/1934,Male,157.185.242.236
291,Charil,Gwyn,cgwyn82@unc.edu,23/06/2006,Female,96.4.33.111
292,Leigh,Abram,labram83@sciencedaily.com,13/10/1993,Male,1.49.205.105
293,Kit,Cockett,kcockett84@goo.gl,17/10/1967,Female,222.67.123.195
294,Andie,Fennick,afennick85@rakuten.co.jp,13/05/1929,Male,184.71.38.243
295,Reamonn,Charnick,rcharnick86@issuu.com,25/10/2012,Male,194.54.215.245
296,Valery,Akred,vakred87@shinystat.com,12/04/1945,Female,252.9.90.250
297,Ekaterina,Jedrzej,ejedrzej88@4shared.com,14/08/1955,Female,198.129.215.177
298,Rebe,Skim,rskim89@joomla.org,05/09/1932,Female,62.203.254.174
299,Adrien,Willison,awillison8a@163.com,06/08/1939,Male,35.221.52.127
300,Kat,Kamall,kkamall8b@digg.com,08/11/1952,Female,195.112.195.162
301,Balduin,Canario,bcanario8c@shop-pro.jp,25/09/1966,Male,40.95.13.253
302,Jase,Allcroft,jallcroft8d@twitter.com,11/12/1962,Male,78.188.63.46
303,Darya,Hegg,dhegg8e@japanpost.jp,21/03/1910,Female,32.253.231.11
304,Stephi,Mundy,smundy8f@scribd.com,26/03/1938,Female,216.180.165.160
305,Andriette,Daud,adaud8g@thetimes.co.uk,11/03/1969,Female,181.192.207.236
306,Oneida,Zavattieri,ozavattieri8h@miitbeian.gov.cn,01/11/1929,Female,210.40.137.248
307,Desmond,Minshaw,dminshaw8i@yahoo.com,01/06/2011,Male,90.242.34.54
308,Domenico,Petty,dpetty8j@yandex.ru,24/02/1970,Male,47.243.84.252
309,Alexa,Reubel,areubel8k@ow.ly,05/06/1968,Female,251.157.1.37
310,Leonard,Leask,lleask8l@google.com.hk,18/05/1967,Male,219.154.42.222
311,Agata,Attiwill,aattiwill8m@state.tx.us,23/06/1953,Female,220.140.72.34
312,Inez,Plastow,iplastow8n@ted.com,24/01/1912,Female,166.104.158.101
313,Chariot,Matelaitis,cmatelaitis8o@wikipedia.org,16/04/1995,Male,253.12.122.45
314,Chip,Vedenyakin,cvedenyakin8p@abc.net.au,20/09/1919,Male,239.234.251.85
315,Reinwald,Renvoys,rrenvoys8q@usa.gov,12/08/1988,Male,188.117.146.79
316,Wilburt,Gluyas,wgluyas8r@ustream.tv,30/01/1926,Male,187.147.224.12
317,Milissent,Gresly,mgresly8s@people.com.cn,25/11/1939,Female,228.255.96.103
318,Corry,Garrood,cgarrood8t@topsy.com,25/02/1916,Female,8.93.69.65
319,Tabby,Tebbett,ttebbett8u@bizjournals.com,01/08/1996,Male,160.241.46.0
320,Kamillah,Issatt,kissatt8v@posterous.com,15/12/1970,Female,97.248.105.206
321,Virgie,Cohen,vcohen8w@businessweek.com,24/11/2014,Male,39.185.34.186
322,Myrtle,Boothby,mboothby8x@sourceforge.net,25/02/1925,Female,113.191.144.170
323,Nissy,Trencher,ntrencher8y@skype.com,19/08/1929,Female,167.36.158.37
324,Wyn,Geely,wgeely8z@unc.edu,22/10/1965,Male,133.184.38.100
325,Brew,George,bgeorge90@boston.com,11/12/1989,Male,47.85.249.88
326,Aloisia,Placstone,aplacstone91@wix.com,04/05/1932,Female,241.158.241.140
327,Malanie,Shaw,mshaw92@sakura.ne.jp,29/04/1983,Female,148.72.124.161
328,Benton,Jorg,bjorg93@state.tx.us,23/12/2006,Male,1.34.228.239
329,Rik,Shaxby,rshaxby94@skyrock.com,28/03/1983,Male,216.167.176.8
330,Jessamine,Bugler,jbugler95@cpanel.net,01/07/2009,Female,148.138.135.107
331,Barthel,Caile,bcaile96@flickr.com,19/04/1934,Male,8.111.111.111
332,Rafaelita,Draysey,rdraysey97@ameblo.jp,29/01/1956,Female,182.81.170.151
333,Celina,Cordner,ccordner98@sciencedirect.com,20/06/1992,Female,55.76.101.190
334,Cullin,Romain,cromain99@google.co.uk,25/11/1980,Male,165.42.122.162
335,Ringo,Bucktharp,rbucktharp9a@feedburner.com,23/03/1926,Male,93.55.12.159
336,Maryrose,Friett,mfriett9b@pcworld.com,30/08/1972,Female,252.205.10.69
337,Kaye,Gagen,kgagen9c@aboutads.info,02/06/2005,Female,237.243.138.32
338,Lidia,Vanichkov,lvanichkov9d@com.com,20/12/1978,Female,65.57.45.166
339,Ellissa,Ralston,eralston9e@umn.edu,26/02/2001,Female,83.111.126.17
340,Onofredo,Withrington,owithrington9f@purevolume.com,12/05/2009,Male,48.49.232.85
341,Gustav,Trousdale,gtrousdale9g@google.it,14/09/2007,Male,195.194.252.232
342,Nelie,Yosevitz,nyosevitz9h@exblog.jp,14/12/2007,Female,9.246.90.125
343,Dante,Oglesbee,doglesbee9i@cnbc.com,18/03/1980,Male,42.237.248.236
344,Curcio,Reddlesden,creddlesden9j@alexa.com,16/07/1972,Male,49.104.62.86
345,Meir,Gawthorp,mgawthorp9k@google.co.uk,19/06/1958,Male,86.226.101.136
346,Clemente,Mullen,cmullen9l@pagesperso-orange.fr,12/04/1938,Male,146.65.17.56
347,Ripley,Germain,rgermain9m@economist.com,27/11/1911,Male,67.150.40.150
348,Traci,Southall,tsouthall9n@dot.gov,03/10/1947,Female,53.219.216.201
349,Chevalier,Sorbey,csorbey9o@prnewswire.com,26/09/2016,Male,133.200.26.162
350,Katinka,Egerton,kegerton9p@slideshare.net,16/05/2002,Female,81.69.107.12
351,Peggi,Trickey,ptrickey9q@domainmarket.com,29/10/1976,Female,65.185.167.206
352,Janifer,Holbarrow,jholbarrow9r@scientificamerican.com,19/05/1944,Female,71.109.227.150
353,Florian,Balden,fbalden9s@free.fr,01/09/1936,Male,91.6.226.206
354,Dalia,Pringer,dpringer9t@google.com.br,02/08/1961,Female,98.251.64.106
355,Urbano,Blay,ublay9u@ftc.gov,23/09/1922,Male,137.83.67.96
356,Cyril,Agnew,cagnew9v@list-manage.com,15/01/1920,Male,115.98.82.184
357,Trumaine,Schulken,tschulken9w@yellowbook.com,08/08/1989,Male,141.143.149.203
358,Karry,Chappelow,kchappelow9x@statcounter.com,06/11/2000,Female,121.225.9.85
359,Magnum,Colbourne,mcolbourne9y@google.com.hk,09/03/1928,Male,100.0.247.147
360,Birdie,Talloe,btalloe9z@themeforest.net,09/06/1968,Female,3.166.23.162
361,Dodie,Smedmore,dsmedmorea0@imgur.com,03/08/1990,Female,42.189.227.105
362,Hamid,Schofield,hschofielda1@comcast.net,25/04/1982,Male,15.114.171.66
363,Val,Elliker,vellikera2@google.ca,08/01/1928,Male,15.16.101.33
364,Troy,Phalip,tphalipa3@google.pl,16/04/1945,Male,126.151.69.231
365,Henry,Bloys,hbloysa4@dailymotion.com,21/12/1979,Male,33.196.55.132
366,Delila,Eisold,deisolda5@usda.gov,02/02/1990,Female,194.249.243.16
367,Oren,Thorburn,othorburna6@blogtalkradio.com,18/06/1975,Male,50.168.42.68
368,Gorden,Turmell,gturmella7@fema.gov,12/01/1980,Male,117.70.151.36
369,Roda,Sighard,rsigharda8@squarespace.com,24/05/1920,Female,0.36.127.46
370,Julius,Sandeson,jsandesona9@infoseek.co.jp,02/05/1982,Male,68.109.91.6
371,Constanta,Barnwille,cbarnwilleaa@paginegialle.it,22/09/1979,Female,214.186.13.60
372,Seka,Gellan,sgellanab@sakura.ne.jp,04/06/1955,Female,64.101.149.227
373,Alix,Bengochea,abengocheaac@bloglovin.com,26/11/1980,Male,69.58.126.200
374,Lanie,Trask,ltraskad@netscape.com,19/02/1967,Male,239.181.61.137
375,Aloise,Lamburn,alamburnae@posterous.com,21/08/2016,Female,76.201.227.2
376,Roz,Havill,rhavillaf@huffingtonpost.com,22/12/1912,Female,151.193.83.115
377,Melitta,Rosenbush,mrosenbushag@last.fm,24/02/1917,Female,239.95.178.79
378,Rab,Queree,rquereeah@tiny.cc,05/11/1955,Male,134.59.238.19
379,Doe,Woodburne,dwoodburneai@sfgate.com,06/04/1978,Female,70.50.86.75
380,Jaquelyn,Mealing,jmealingaj@unblog.fr,03/09/1979,Female,204.195.163.48
381,Peggy,Jiggins,pjigginsak@constantcontact.com,17/04/1911,Female,68.114.233.146
382,Elisha,Frowd,efrowdal@state.tx.us,27/05/1916,Female,87.154.211.146
383,Celine,Kitcher,ckitcheram@ox.ac.uk,10/11/1924,Female,22.113.217.138
384,Gaynor,Klimuk,gklimukan@wordpress.org,05/04/1953,Female,215.178.232.229
385,Goldie,Winkle,gwinkleao@fotki.com,14/03/1970,Female,130.148.48.202
386,Rabbi,Pankethman,rpankethmanap@who.int,11/08/1931,Male,109.118.70.127
387,Dudley,Chestle,dchestleaq@networkadvertising.org,12/03/1930,Male,218.141.194.172
388,Giff,Kinder,gkinderar@rambler.ru,10/07/1954,Male,17.77.249.32
389,Christyna,Waine,cwaineas@washington.edu,24/07/1929,Female,18.113.0.149
390,Obadiah,Towse,otowseat@smugmug.com,02/10/1947,Male,49.66.196.213
391,Irwinn,Camoletto,icamolettoau@123-reg.co.uk,20/10/1956,Male,233.56.127.236
392,Allie,Bollom,abollomav@ed.gov,30/04/2015,Male,216.66.216.170
393,Hatti,Ebbetts,hebbettsaw@ning.com,21/02/1954,Female,182.234.175.245
394,Lemuel,Crocetto,lcrocettoax@digg.com,22/04/1912,Male,200.212.182.172
395,Thayne,Tewkesberrie,ttewkesberrieay@moonfruit.com,11/08/1998,Male,152.198.11.99
396,Kristopher,Cline,kclineaz@privacy.gov.au,24/04/1997,Male,70.10.49.85
397,Weidar,De Beauchamp,wdebeauchampb0@shutterfly.com,11/11/1940,Male,5.14.207.114
398,Grady,Oliff,goliffb1@yahoo.com,14/07/2008,Male,237.7.234.163
399,Allard,Denyukhin,adenyukhinb2@yandex.ru,26/10/1926,Male,34.224.59.103
400,Deck,Allain,dallainb3@smh.com.au,30/12/1952,Male,220.66.93.73
401,Laurette,Lantiff,llantiffb4@delicious.com,04/06/1938,Female,114.10.212.67
402,Florentia,Searsby,fsearsbyb5@wunderground.com,12/10/1910,Female,150.190.238.139
403,Marie,Etherton,methertonb6@hostgator.com,07/12/1997,Female,32.103.161.22
404,Ruthanne,Itzchaki,ritzchakib7@wp.com,24/07/1995,Female,149.226.3.215
405,Timmy,Virgin,tvirginb8@soundcloud.com,22/08/1992,Male,132.27.188.253
406,Raffaello,Pennaman,rpennamanb9@google.com,28/11/1976,Male,140.178.195.50
407,Natty,Dukesbury,ndukesburyba@discuz.net,01/08/1949,Male,142.154.105.118
408,Ferdie,Pavlov,fpavlovbb@icq.com,27/01/1987,Male,165.113.12.154
409,Blanche,Labbet,blabbetbc@twitter.com,13/07/1957,Female,81.4.94.113
410,Rustin,Lanphier,rlanphierbd@pen.io,14/03/1924,Male,138.121.122.107
411,Daile,Denty,ddentybe@bloomberg.com,20/09/2001,Female,57.106.229.101
412,Sonny,Baradel,sbaradelbf@paypal.com,07/08/1947,Male,55.13.31.96
413,Tiebold,Passy,tpassybg@yale.edu,01/06/1999,Male,151.248.33.252
414,Kala,Lowdwell,klowdwellbh@latimes.com,02/06/1911,Female,34.49.109.109
415,Nobe,Moscon,nmosconbi@amazonaws.com,25/10/1956,Male,163.83.82.16
416,Mackenzie,Sommerville,msommervillebj@imdb.com,22/03/1919,Male,90.223.140.62
417,Berny,Middlehurst,bmiddlehurstbk@tinyurl.com,05/04/1969,Female,235.16.13.203
418,Jaclyn,Saing,jsaingbl@wired.com,13/04/1912,Female,112.37.195.128
419,Thain,Redfield,tredfieldbm@pinterest.com,26/08/2002,Male,98.135.172.100
420,Margot,Poter,mpoterbn@bizjournals.com,15/09/1938,Female,105.131.122.103
421,Christiana,Dood,cdoodbo@guardian.co.uk,12/01/1962,Female,235.134.248.229
422,Eldredge,Mathelon,emathelonbp@php.net,01/08/1978,Male,222.59.215.15
423,Susanetta,Isles,sislesbq@skyrock.com,24/09/1963,Female,33.183.40.128
424,Muffin,Buckham,mbuckhambr@loc.gov,09/08/1918,Male,56.58.255.2
425,Elisha,Somerled,esomerledbs@yandex.ru,23/05/1984,Female,24.36.238.57
426,Debera,Claus,dclausbt@lulu.com,21/07/1933,Female,50.75.73.38
427,Tish,Fisby,tfisbybu@yahoo.co.jp,31/01/2013,Female,49.42.210.159
428,Shirline,Hess,shessbv@uol.com.br,16/07/2010,Female,96.58.147.66
429,Alfonse,Frediani,afredianibw@google.com,29/09/1968,Male,3.39.81.63
430,Gran,Fann,gfannbx@purevolume.com,24/09/2016,Male,134.242.171.190
431,Heindrick,Kinnen,hkinnenby@themeforest.net,16/01/1961,Male,116.154.235.85
432,Cello,Fine,cfinebz@g.co,16/07/2009,Male,179.61.50.199
433,Rene,Dugood,rdugoodc0@fastcompany.com,17/06/1991,Female,247.114.126.28
434,Micheal,Potticary,mpotticaryc1@sciencedaily.com,03/09/1915,Male,102.233.109.55
435,Verine,Delmonti,vdelmontic2@vimeo.com,01/10/1916,Female,39.33.184.142
436,Evelyn,Call,ecallc3@shinystat.com,21/10/2009,Male,124.45.151.85
437,Ardath,Giraldez,agiraldezc4@4shared.com,22/05/1966,Female,101.239.92.129
438,Rhys,Levane,rlevanec5@unc.edu,18/03/2001,Male,182.166.48.108
439,Shurwood,Kayser,skayserc6@twitter.com,29/10/1984,Male,92.94.70.86
440,Kathie,Matonin,kmatoninc7@wiley.com,24/12/1991,Female,190.110.122.201
441,Dom,Errett,derrettc8@privacy.gov.au,04/01/1946,Male,124.167.192.23
442,Tybalt,Beards,tbeardsc9@paypal.com,13/05/1988,Male,199.255.158.55
443,Hyacinthia,Crossdale,hcrossdaleca@walmart.com,11/03/1937,Female,46.205.40.142
444,Clement,Eberst,ceberstcb@upenn.edu,20/03/1966,Male,58.112.134.60
445,Reggi,Winton,rwintoncc@opera.com,13/07/1942,Female,146.63.42.70
446,Verene,Dawltrey,vdawltreycd@ameblo.jp,14/10/1947,Female,195.181.120.204
447,Maggi,Terrill,mterrillce@toplist.cz,27/11/1987,Female,194.126.228.22
448,Cinderella,Earlam,cearlamcf@cyberchimps.com,29/03/1968,Female,153.215.62.79
449,Dell,Walbrook,dwalbrookcg@instagram.com,19/08/1935,Female,226.189.169.184
450,Terri-jo,Withrington,twithringtonch@xinhuanet.com,08/08/1985,Female,182.70.206.193
451,Janene,McNutt,jmcnuttci@deliciousdays.com,16/11/2000,Female,28.105.167.162
452,Linda,Gorthy,lgorthycj@fastcompany.com,18/11/1987,Female,86.0.125.68
453,Carma,Arpino,carpinock@mashable.com,03/05/1924,Female,89.106.45.161
454,Gareth,Corby,gcorbycl@lulu.com,14/06/1931,Male,162.88.86.188
455,Lucia,Gaber,lgabercm@amazonaws.com,09/05/1997,Female,165.104.237.230
456,Maggie,Bagwell,mbagwellcn@csmonitor.com,06/09/1941,Female,129.134.5.4
457,Amberly,Hext,ahextco@studiopress.com,25/03/1990,Female,87.122.119.137
458,Norby,Kendall,nkendallcp@shareasale.com,07/08/1944,Male,88.165.170.226
459,Percival,Benezeit,pbenezeitcq@123-reg.co.uk,06/02/1938,Male,93.202.86.205
460,Patric,Drysdell,pdrysdellcr@huffingtonpost.com,31/07/1960,Male,68.172.205.48
461,Reuven,Studdeard,rstuddeardcs@telegraph.co.uk,07/05/1964,Male,197.86.190.194
462,Merrill,Greetland,mgreetlandct@narod.ru,03/12/1966,Male,241.241.93.21
463,Mauricio,Coton,mcotoncu@ycombinator.com,09/11/1987,Male,25.119.19.101
464,Vere,Fishley,vfishleycv@qq.com,25/06/1972,Female,202.14.137.251
465,Ange,Timewell,atimewellcw@ning.com,06/03/1959,Female,39.93.246.147
466,Humfried,Cregan,hcregancx@spotify.com,29/04/1980,Male,98.101.42.36
467,Giacinta,Bellenger,gbellengercy@omniture.com,09/12/1961,Female,185.29.129.122
468,Corene,Wegenen,cwegenencz@blogger.com,27/07/2005,Female,159.251.75.95
469,Maible,Grinyakin,mgrinyakind0@reuters.com,21/02/1971,Female,98.155.127.127
470,Diena,Guillotin,dguillotind1@nasa.gov,30/01/1995,Female,178.149.138.48
471,Darrick,Walkingshaw,dwalkingshawd2@goodreads.com,26/09/2008,Male,86.61.44.33
472,Petr,Kingsford,pkingsfordd3@mozilla.com,04/03/1952,Male,69.35.219.96
473,Jodee,Sedman,jsedmand4@rakuten.co.jp,01/06/1953,Female,81.144.45.10
474,Sloane,Addicote,saddicoted5@ftc.gov,06/02/1915,Male,206.105.255.236
475,Sadye,Runnett,srunnettd6@deviantart.com,26/01/1916,Female,158.158.125.106
476,Alysa,Horley,ahorleyd7@java.com,29/01/1950,Female,82.59.235.88
477,Forbes,Lotwich,flotwichd8@hexun.com,29/03/2016,Male,28.243.189.146
478,Cyrillus,Govini,cgovinid9@t.co,15/02/1928,Male,127.3.215.147
479,Magdaia,Hyett,mhyettda@artisteer.com,06/10/1915,Female,26.11.173.206
480,Alano,Gary,agarydb@ustream.tv,23/01/2009,Male,83.24.12.205
481,Haley,Gennings,hgenningsdc@nih.gov,20/04/1969,Male,102.134.192.210
482,Rhetta,Matonin,rmatonindd@nbcnews.com,15/09/2000,Female,28.198.73.97
483,Bibbye,Scholfield,bscholfieldde@washington.edu,04/06/1966,Female,240.27.106.74
484,Andrew,Tregenna,atregennadf@theglobeandmail.com,19/03/1982,Male,136.148.234.2
485,Clay,Buttel,cbutteldg@privacy.gov.au,25/12/1920,Male,253.54.194.98
486,Marlene,Papes,mpapesdh@booking.com,24/12/1965,Female,156.255.33.113
487,Erminia,Gillebride,egillebridedi@paypal.com,11/09/1915,Female,22.96.72.150
488,Fanya,Tunnicliffe,ftunnicliffedj@mayoclinic.com,27/01/1931,Female,197.98.208.120
489,Adriana,Lanphere,alanpheredk@xinhuanet.com,03/06/2014,Female,200.219.237.10
490,Denise,Breazeall,dbreazealldl@posterous.com,30/12/1941,Female,12.188.108.77
491,Kym,Cann,kcanndm@gizmodo.com,04/03/1998,Female,51.122.83.125
492,Mariam,Budgett,mbudgettdn@weebly.com,03/03/2002,Female,202.213.121.115
493,Odelia,Heggadon,oheggadondo@nydailynews.com,23/07/1929,Female,88.167.15.187
494,Judy,Symondson,jsymondsondp@fema.gov,27/02/1960,Female,219.146.112.26
495,Florie,Grigoli,fgrigolidq@delicious.com,20/03/1913,Female,166.39.55.112
496,Dniren,Skillen,dskillendr@blogs.com,26/08/2018,Female,92.224.173.223
497,Cindra,Burgott,cburgottds@latimes.com,27/04/1929,Female,72.214.169.210
498,Gerek,Ebsworth,gebsworthdt@alibaba.com,30/05/1969,Male,9.197.246.98
499,Romeo,Baxstair,rbaxstairdu@elegantthemes.com,22/07/1987,Male,123.225.116.3
500,Yevette,Kelway,ykelwaydv@archive.org,27/07/1934,Female,216.54.231.144
501,Wat,Leftly,wleftlydw@businesswire.com,13/08/2006,Male,188.77.197.239
502,Liam,Butler-Bowdon,lbutlerbowdondx@i2i.jp,01/02/1963,Male,79.230.192.166
503,Jayme,Struttman,jstruttmandy@nba.com,03/04/1965,Male,5.192.95.164
504,Saraann,Gosz,sgoszdz@newyorker.com,06/08/2009,Female,27.27.40.116
505,Ryun,Pennicard,rpennicarde0@who.int,07/08/1918,Male,175.238.53.62
506,Norri,Cutbirth,ncutbirthe1@blogtalkradio.com,31/07/1932,Female,43.143.212.142
507,Angy,Magson,amagsone2@bing.com,26/02/1912,Female,20.2.232.193
508,Barney,Braunstein,bbraunsteine3@dot.gov,20/02/1953,Male,250.22.108.186
509,Marney,Oxtoby,moxtobye4@ycombinator.com,06/10/1928,Female,102.222.216.159
510,Juliet,Shimwell,jshimwelle5@amazon.com,25/08/1998,Female,205.225.34.9
511,Renae,Room,rroome6@army.mil,29/01/1944,Female,33.165.49.161
512,Tabbitha,Blofeld,tblofelde7@vimeo.com,03/04/1955,Female,44.251.231.76
513,Christen,Fawson,cfawsone8@cbslocal.com,05/02/2013,Female,64.210.190.137
514,Florence,Earey,feareye9@guardian.co.uk,14/05/1960,Female,4.223.242.230
515,Reube,Swyndley,rswyndleyea@tamu.edu,03/11/1970,Male,8.162.4.97
516,Clarice,Goold,cgooldeb@epa.gov,23/08/1926,Female,105.174.122.160
517,Monah,Whitsun,mwhitsunec@discovery.com,25/03/1990,Female,77.137.100.109
518,Malena,Camings,mcamingsed@topsy.com,14/05/1993,Female,164.223.71.221
519,Slade,Orht,sorhtee@nsw.gov.au,18/03/1965,Male,152.78.249.60
520,Maria,Oxenbury,moxenburyef@imageshack.us,21/06/1922,Female,102.203.205.26
521,Jeffie,Thing,jthingeg@furl.net,06/03/1925,Male,234.152.113.175
522,Dar,Lamartine,dlamartineeh@howstuffworks.com,17/04/2019,Male,82.225.69.186
523,Lowe,Hurton,lhurtonei@vkontakte.ru,17/07/1976,Male,38.54.185.183
524,Julianna,Sinkin,jsinkinej@google.de,11/10/1980,Female,11.111.70.116
525,Faythe,Easbie,feasbieek@goo.ne.jp,06/02/1991,Female,73.173.155.30
526,Wylma,Helix,whelixel@eventbrite.com,31/07/1985,Female,80.181.67.64
527,Dory,Paice,dpaiceem@mozilla.org,21/09/1967,Male,132.241.126.72
528,Bridgette,Fosse,bfosseen@mlb.com,07/01/2018,Female,181.133.94.67
529,Julianna,D'Oyly,jdoylyeo@ihg.com,01/08/1926,Female,191.200.58.88
530,Hamnet,Wicks,hwicksep@forbes.com,24/10/1937,Male,178.112.98.240
531,Padgett,Eblein,pebleineq@trellian.com,04/05/1933,Male,27.214.108.137
532,Sven,Blackie,sblackieer@webs.com,24/03/2007,Male,123.36.128.191
533,Townsend,Tullis,ttullises@yahoo.com,18/10/1937,Male,5.19.25.18
534,Halette,Grahl,hgrahlet@tumblr.com,03/05/1979,Female,126.220.146.181
535,Kaleb,Dunhill,kdunhilleu@lulu.com,14/07/1916,Male,41.109.17.227
536,Merrel,O'Gready,mogreadyev@booking.com,29/03/1963,Male,81.201.15.244
537,Arlina,Trahair,atrahairew@sogou.com,20/07/2008,Female,173.178.233.172
538,Guthrey,Kreutzer,gkreutzerex@marriott.com,14/04/1925,Male,224.247.242.41
539,Debera,Costen,dcosteney@pcworld.com,21/05/1960,Female,48.93.15.253
540,Jedd,Hancorn,jhancornez@yahoo.com,20/02/1936,Male,1.19.24.211
541,Victoir,McMullen,vmcmullenf0@behance.net,16/02/2017,Male,56.217.91.206
542,Nollie,Undy,nundyf1@w3.org,15/06/1915,Male,78.124.27.185
543,Stanley,Ferronet,sferronetf2@nydailynews.com,13/11/1951,Male,209.154.141.103
544,Vladamir,Foster-Smith,vfostersmithf3@baidu.com,25/08/2018,Male,105.114.55.72
545,Mehetabel,Crosston,mcrosstonf4@gmpg.org,03/12/1917,Female,171.70.237.201
546,Carmina,Siney,csineyf5@wufoo.com,15/12/1936,Female,78.4.164.155
547,Hanna,Dunhill,hdunhillf6@intel.com,10/06/2006,Female,17.15.249.20
548,Mandi,Murdie,mmurdief7@tumblr.com,19/05/1951,Female,156.9.157.155
549,Cindelyn,Woolstenholmes,cwoolstenholmesf8@wired.com,02/03/1976,Female,34.99.20.100
550,Alanson,Beaty,abeatyf9@phoca.cz,08/11/1962,Male,6.23.126.223
551,Alfreda,Fitzsymons,afitzsymonsfa@etsy.com,14/08/2018,Female,9.0.31.120
552,Marillin,Swepson,mswepsonfb@tinypic.com,21/08/1961,Female,103.102.45.225
553,Ethelbert,Trenaman,etrenamanfc@uol.com.br,20/02/1964,Male,134.254.248.124
554,Grethel,Hearfield,ghearfieldfd@ucoz.ru,23/05/1986,Female,61.237.78.4
555,Husein,Victoria,hvictoriafe@vkontakte.ru,30/01/1968,Male,193.72.183.232
556,Erv,Lycett,elycettff@twitpic.com,29/03/1925,Male,4.120.231.56
557,Drusie,Pfaff,dpfafffg@edublogs.org,02/06/1941,Female,172.204.102.125
558,Burtie,Gitting,bgittingfh@so-net.ne.jp,11/10/1946,Male,31.83.238.48
559,Aldo,Stollsteimer,astollsteimerfi@t.co,20/05/1956,Male,11.186.75.57
560,Kathi,Hullin,khullinfj@vk.com,11/02/1958,Female,191.12.79.231
561,Elsinore,Tunmore,etunmorefk@discuz.net,03/04/1999,Female,199.160.66.20
562,Brigg,Holywell,bholywellfl@hao123.com,20/01/1999,Male,109.163.106.145
563,Merrielle,Ritmeier,mritmeierfm@google.com,01/09/2015,Female,73.251.140.72
564,Anny,Halksworth,ahalksworthfn@jigsy.com,23/02/1974,Female,163.13.50.189
565,Truman,Hinemoor,thinemoorfo@delicious.com,12/11/1931,Male,25.133.78.206
566,Fan,Siebert,fsiebertfp@goo.gl,13/12/1992,Female,255.135.88.42
567,Mitch,Doucette,mdoucettefq@mit.edu,20/08/1964,Male,178.163.214.101
568,Keary,Yoxen,kyoxenfr@nsw.gov.au,16/08/1923,Male,241.82.251.147
569,Avigdor,Dollman,adollmanfs@dedecms.com,09/12/1998,Male,99.159.115.204
570,Miles,Seymour,mseymourft@hexun.com,30/08/1959,Male,217.204.232.18
571,Laura,Smithin,lsmithinfu@ehow.com,07/01/1937,Female,248.92.225.15
572,Rosemarie,Grangier,rgrangierfv@blog.com,16/01/1936,Female,249.80.193.244
573,Cathlene,Casbon,ccasbonfw@ask.com,10/08/1929,Female,237.244.137.244
574,Marjy,Curnick,mcurnickfx@domainmarket.com,20/11/1952,Female,110.247.5.203
575,Holli,Japp,hjappfy@simplemachines.org,11/09/1957,Female,221.251.23.74
576,Flor,Puddin,fpuddinfz@fema.gov,13/07/2005,Female,228.43.140.76
577,Shaun,Sare,ssareg0@nymag.com,18/01/1944,Female,112.237.93.117
578,Bo,Corssen,bcorsseng1@fda.gov,15/11/1948,Male,201.147.228.61
579,Sollie,Brockest,sbrockestg2@economist.com,03/10/1989,Male,33.158.116.182
580,Gabriele,Ounsworth,gounsworthg3@independent.co.uk,29/11/1914,Male,124.54.90.91
581,Harley,Stemson,hstemsong4@imageshack.us,20/03/1928,Male,173.212.96.17
582,Berke,Kaesmakers,bkaesmakersg5@shinystat.com,05/10/1916,Male,59.5.189.55
583,Fabien,McNulty,fmcnultyg6@webmd.com,07/08/1970,Male,64.68.3.94
584,Nanice,Ferreras,nferrerasg7@soup.io,13/12/2006,Female,25.144.109.254
585,Phillip,Kinsella,pkinsellag8@wunderground.com,09/03/1981,Male,127.112.10.0
586,Urbano,Templeton,utempletong9@yellowbook.com,27/12/1958,Male,194.225.121.96
587,Damian,Aronov,daronovga@alibaba.com,16/06/1948,Male,150.2.162.152
588,Meggi,Stickney,mstickneygb@gov.uk,23/01/1942,Female,157.70.98.255
589,Inna,Escalero,iescalerogc@blinklist.com,24/05/1968,Female,199.22.210.100
590,Alica,Coiley,acoileygd@dell.com,02/12/2015,Female,160.253.39.127
591,Orville,Showt,oshowtge@bravesites.com,09/06/1937,Male,169.150.236.57
592,Sinclare,Evenden,sevendengf@bbb.org,05/01/1988,Male,150.184.202.40
593,Florentia,Kunisch,fkunischgg@diigo.com,09/06/1926,Female,180.77.136.32
594,Torre,Kilfeather,tkilfeathergh@quantcast.com,10/11/1972,Male,121.65.31.57
595,Papagena,Dartnell,pdartnellgi@amazon.de,07/12/2003,Female,191.97.66.254
596,Bryce,Malletratt,bmalletrattgj@rediff.com,13/04/1968,Male,159.133.135.184
597,Paxton,Bridgett,pbridgettgk@canalblog.com,02/11/2010,Male,169.105.230.82
598,Valaria,Tredinnick,vtredinnickgl@apache.org,14/03/1913,Female,119.184.104.234
599,Jule,Denacamp,jdenacampgm@pinterest.com,08/05/1989,Male,42.227.200.51
600,Wendel,Ogelsby,wogelsbygn@meetup.com,07/05/2013,Male,123.136.122.151
601,Dodi,Chrystal,dchrystalgo@usnews.com,24/09/1921,Female,97.134.66.227
602,Karee,Bairstow,kbairstowgp@nymag.com,17/05/1987,Female,232.239.124.253
603,Ainslee,Fust,afustgq@stumbleupon.com,23/04/1992,Female,115.102.214.82
604,Stephi,Devenny,sdevennygr@forbes.com,17/11/2006,Female,182.181.220.253
605,Maynord,Leonards,mleonardsgs@topsy.com,01/03/1956,Male,241.32.92.9
606,Coop,Orman,cormangt@reddit.com,28/09/1937,Male,150.197.187.147
607,Nannie,Playfair,nplayfairgu@vk.com,11/04/1912,Female,152.113.12.67
608,Barthel,Munns,bmunnsgv@cdbaby.com,27/06/1984,Male,85.99.227.224
609,Bab,Reynoldson,breynoldsongw@tuttocitta.it,12/03/1941,Female,213.170.251.19
610,Pauli,Aldiss,paldissgx@alexa.com,20/08/1977,Female,222.32.230.3
611,Gale,Abarough,gabaroughgy@jugem.jp,06/02/1926,Female,91.201.109.125
612,Zara,Wearne,zwearnegz@dell.com,06/03/1923,Female,202.31.43.11
613,Kristen,Gookes,kgookesh0@macromedia.com,03/06/1935,Female,112.40.248.165
614,Mohandis,Red,mredh1@eepurl.com,14/09/1990,Male,85.55.51.162
615,Jarib,Swadling,jswadlingh2@tripod.com,29/03/1950,Male,194.0.106.80
616,Reginald,Lilbourne,rlilbourneh3@marriott.com,17/04/1983,Male,181.141.43.251
617,Niles,Lacasa,nlacasah4@weebly.com,04/10/1988,Male,134.98.188.41
618,Rosanna,Raiman,rraimanh5@columbia.edu,20/12/1912,Female,139.201.138.134
619,Elissa,Webburn,ewebburnh6@alexa.com,20/10/1981,Female,51.225.9.204
620,Isidor,Kristoffersson,ikristofferssonh7@angelfire.com,22/05/1920,Male,18.0.172.166
621,Rudolph,Allbones,rallbonesh8@newsvine.com,14/02/1988,Male,203.62.62.210
622,Jean,Petrazzi,jpetrazzih9@eventbrite.com,09/11/1991,Female,129.173.15.126
623,Mellisent,Helleckas,mhelleckasha@about.com,06/08/1942,Female,232.36.242.61
624,Myrilla,Pickover,mpickoverhb@macromedia.com,01/05/1964,Female,183.210.32.18
625,Wood,Chillingworth,wchillingworthhc@ftc.gov,09/05/1968,Male,3.186.38.156
626,Justino,Risso,jrissohd@epa.gov,05/01/1939,Male,59.208.208.255
627,Quincy,Lundberg,qlundberghe@techcrunch.com,03/01/1918,Male,191.68.135.56
628,Magdalena,Wing,mwinghf@desdev.cn,25/12/1920,Female,157.215.136.208
629,Brendon,Boken,bbokenhg@technorati.com,18/01/1946,Male,71.255.238.200
630,Far,Lamey,flameyhh@exblog.jp,01/09/1926,Male,198.103.235.216
631,Charmine,Wass,cwasshi@4shared.com,25/12/1992,Female,210.1.152.198
632,Vasily,Burnyeat,vburnyeathj@ox.ac.uk,21/03/1958,Male,150.18.13.19
633,Avery,Boyet,aboyethk@mapquest.com,26/04/2013,Male,73.185.133.197
634,Lalo,Harry,lharryhl@zimbio.com,01/07/1995,Male,142.81.155.234
635,Cammy,Antoshin,cantoshinhm@cdbaby.com,24/01/1957,Female,110.227.238.25
636,Ariel,Rizzillo,arizzillohn@ca.gov,24/02/1936,Male,209.156.253.78
637,Corina,Christofe,cchristofeho@artisteer.com,23/07/1943,Female,8.168.184.156
638,Ilario,Goodge,igoodgehp@berkeley.edu,20/01/1924,Male,65.147.69.92
639,Davine,Bozward,dbozwardhq@toplist.cz,27/12/1962,Female,73.131.7.221
640,Concettina,Vials,cvialshr@tamu.edu,03/04/1914,Female,77.145.187.105
641,Silvana,Quimby,squimbyhs@gravatar.com,04/12/1940,Female,199.20.213.36
642,Hasty,Vaines,hvainesht@netvibes.com,04/02/1949,Male,135.168.237.254
643,Maury,Bruckman,mbruckmanhu@bigcartel.com,28/09/1936,Male,142.150.236.37
644,Sarene,Waye,swayehv@over-blog.com,12/02/2002,Female,133.99.116.76
645,Davide,Nickolls,dnickollshw@usnews.com,24/08/1914,Male,226.20.71.82
646,Wendeline,Starking,wstarkinghx@japanpost.jp,03/01/1925,Female,87.26.39.158
647,Thatch,Worthy,tworthyhy@uol.com.br,14/01/1960,Male,185.102.38.100
648,Stewart,Rosindill,srosindillhz@cornell.edu,20/10/1983,Male,161.34.101.21
649,Bevin,Hassard,bhassardi0@dell.com,08/02/1966,Male,15.26.72.71
650,Guntar,Lensch,glenschi1@slate.com,13/06/1927,Male,84.134.5.128
651,Wilek,Sheeres,wsheeresi2@samsung.com,10/01/1914,Male,114.51.98.198
652,Hyacinthie,Maddigan,hmaddigani3@godaddy.com,31/01/2014,Female,238.253.93.48
653,Olga,McGeouch,omcgeouchi4@cpanel.net,12/05/1986,Female,156.177.215.64
654,Milt,Linham,mlinhami5@phoca.cz,12/01/2012,Male,223.81.249.221
655,Marlo,Dy,mdyi6@51.la,28/09/1963,Male,74.225.54.210
656,Giovanni,Whitebread,gwhitebreadi7@hubpages.com,03/02/1916,Male,2.183.206.200
657,Gasper,Lancashire,glancashirei8@chron.com,01/06/1945,Male,143.72.146.108
658,Giorgio,Ditts,gdittsi9@marriott.com,04/04/1922,Male,27.24.249.175
659,Reinwald,Ewbanke,rewbankeia@google.ca,14/09/1913,Male,240.86.223.144
660,Dewie,Gambles,dgamblesib@e-recht24.de,08/06/1980,Male,13.167.239.59
661,Hendrick,Suffe,hsuffeic@live.com,15/04/1957,Male,6.202.144.156
662,Carlin,Petr,cpetrid@twitpic.com,23/08/1965,Female,213.83.18.216
663,Cara,Joly,cjolyie@ameblo.jp,17/02/1987,Female,241.145.136.112
664,Ana,Hearons,ahearonsif@quantcast.com,01/06/1972,Female,28.230.227.44
665,Saunder,Isson,sissonig@mtv.com,23/03/1977,Male,229.32.236.92
666,Muhammad,Hurdle,mhurdleih@clickbank.net,04/11/1989,Male,26.190.205.160
667,Clair,Sennett,csennettii@toplist.cz,10/11/1976,Male,238.79.178.7
668,Dorita,McLuckie,dmcluckieij@joomla.org,25/09/1930,Female,254.83.14.59
669,Rosmunda,Moulding,rmouldingik@mit.edu,07/03/1920,Female,117.78.187.28
670,Fons,Slaymaker,fslaymakeril@google.pl,20/11/1995,Male,245.170.6.128
671,Hilda,Brewin,hbrewinim@deviantart.com,08/01/1967,Female,191.124.131.30
672,Jammie,Jantot,jjantotin@wix.com,19/02/1979,Female,211.5.249.111
673,Rubie,Kilfether,rkilfetherio@linkedin.com,16/12/1961,Female,54.42.83.209
674,Dunn,Jinda,djindaip@drupal.org,11/01/1942,Male,38.100.26.125
675,Graehme,Shotboult,gshotboultiq@facebook.com,04/01/1929,Male,179.55.229.216
676,Fritz,Kidder,fkidderir@tamu.edu,12/12/1945,Male,219.41.43.77
677,Marinna,Huerta,mhuertais@cdbaby.com,06/12/1920,Female,94.157.59.232
678,Baillie,Hirjak,bhirjakit@gmpg.org,28/09/1979,Male,197.230.127.187
679,Terrill,Kimmins,tkimminsiu@tinypic.com,30/03/1934,Male,34.62.222.57
680,Nolly,Boise,nboiseiv@t.co,25/11/1968,Male,69.79.130.175
681,Wain,Mc Curlye,wmccurlyeiw@reverbnation.com,03/01/1927,Male,238.99.1.131
682,Aloise,Llewelyn,allewelynix@cnn.com,13/05/1913,Female,33.204.49.224
683,Mattie,Fall,mfalliy@sogou.com,05/10/1924,Male,119.132.250.248
684,Verine,Catton,vcattoniz@jalbum.net,26/03/1937,Female,203.30.177.231
685,Lyda,Moyser,lmoyserj0@skype.com,28/08/1985,Female,212.77.162.30
686,Anica,De Avenell,adeavenellj1@sakura.ne.jp,07/06/1987,Female,240.8.222.221
687,Hasheem,Langdridge,hlangdridgej2@cargocollective.com,20/03/1941,Male,86.189.129.24
688,Em,Jamot,ejamotj3@nih.gov,27/06/1980,Male,197.184.11.221
689,Hynda,Yule,hyulej4@godaddy.com,20/09/1953,Female,166.93.100.36
690,Brianne,Carman,bcarmanj5@addthis.com,05/09/1947,Female,251.160.225.9
691,Romy,Castagneri,rcastagnerij6@slideshare.net,19/03/1935,Female,121.214.162.60
692,Stearne,Dunston,sdunstonj7@livejournal.com,30/10/1912,Male,217.41.0.30
693,Skyler,Springall,sspringallj8@buzzfeed.com,20/02/1923,Male,192.211.60.156
694,Sadye,Oatley,soatleyj9@issuu.com,08/08/2016,Female,27.1.208.44
695,Christoffer,Cargenven,ccargenvenja@sourceforge.net,15/11/1975,Male,29.33.50.102
696,Falito,Corsham,fcorshamjb@wired.com,25/04/1965,Male,211.178.95.123
697,Car,Heinsh,cheinshjc@yale.edu,15/06/1986,Male,88.245.19.119
698,Bradley,Wain,bwainjd@ebay.com,31/10/2014,Male,157.127.199.233
699,Nicole,Bemlott,nbemlottje@ihg.com,16/11/1946,Female,211.219.39.84
700,Blondie,Wedgwood,bwedgwoodjf@taobao.com,28/02/1939,Female,219.71.209.135
701,Jacob,Haslen,jhaslenjg@japanpost.jp,02/07/1935,Male,168.223.207.42
702,Jolie,Outright,joutrightjh@drupal.org,22/10/1963,Female,45.48.53.181
703,Gianina,Bloxland,gbloxlandji@techcrunch.com,08/06/1954,Female,230.52.214.245
704,Noah,Petracci,npetraccijj@blogspot.com,21/02/2009,Male,197.216.76.149
705,Jone,Probat,jprobatjk@reverbnation.com,08/07/2019,Male,245.143.171.118
706,Marcellus,Delete,mdeletejl@51.la,18/09/1988,Male,52.129.236.214
707,Willy,Demangel,wdemangeljm@java.com,26/11/1974,Male,70.177.62.210
708,Bettye,Calow,bcalowjn@mlb.com,05/10/1957,Female,104.110.40.5
709,Fernanda,Enright,fenrightjo@earthlink.net,06/12/1942,Female,123.226.138.113
710,Lyn,Durrand,ldurrandjp@i2i.jp,27/04/1968,Female,217.156.14.246
711,Cosimo,Griffithe,cgriffithejq@prnewswire.com,02/10/2018,Male,79.140.206.122
712,Adolph,Spurryer,aspurryerjr@ucoz.ru,04/11/1997,Male,102.60.255.20
713,Ralph,Ridding,rriddingjs@ca.gov,13/02/1910,Male,110.157.146.120
714,Carolann,Gwillim,cgwillimjt@bravesites.com,12/03/1975,Female,224.198.180.98
715,Read,Titley,rtitleyju@boston.com,01/01/1919,Male,172.90.4.19
716,Octavius,Johnigan,ojohniganjv@icio.us,25/07/2015,Male,63.66.80.60
717,Layla,Davy,ldavyjw@google.nl,24/08/1932,Female,246.224.78.94
718,Rabi,Clemerson,rclemersonjx@ebay.co.uk,04/02/1964,Male,190.73.60.169
719,Priscilla,Riccardi,priccardijy@cmu.edu,21/10/1979,Female,150.37.59.106
720,Benedikta,Behnecke,bbehneckejz@cbsnews.com,21/08/1924,Female,189.235.79.100
721,Alexa,Tearny,atearnyk0@issuu.com,05/08/1977,Female,224.25.91.9
722,Mareah,Baudi,mbaudik1@pen.io,07/05/1970,Female,182.229.248.74
723,Frankie,Marrows,fmarrowsk2@diigo.com,15/08/1924,Female,39.8.162.251
724,Sayers,Harce,sharcek3@123-reg.co.uk,09/08/1939,Male,33.28.146.59
725,Norbie,Miles,nmilesk4@ucsd.edu,11/02/1965,Male,149.20.55.2
726,Ninette,Coverdill,ncoverdillk5@google.com.br,22/03/1946,Female,114.118.24.243
727,Montague,Rudall,mrudallk6@about.com,24/09/1959,Male,153.147.0.40
728,Si,Braunlein,sbraunleink7@ameblo.jp,26/07/1911,Male,249.74.241.132
729,Bastian,Benedito,bbeneditok8@mediafire.com,11/08/2018,Male,5.134.54.93
730,Humfrid,Haukey,hhaukeyk9@google.es,31/07/1978,Male,100.143.165.194
731,Floyd,Parkyn,fparkynka@ebay.com,02/04/1987,Male,79.97.211.58
732,Karlan,Springthorp,kspringthorpkb@archive.org,04/07/1936,Male,224.104.184.174
733,Blair,Kennett,bkennettkc@surveymonkey.com,22/07/1973,Female,126.59.237.145
734,Roarke,Ogles,rogleskd@time.com,06/04/1994,Male,10.120.219.39
735,Maggee,Glastonbury,mglastonburyke@biblegateway.com,02/11/1968,Female,29.7.4.186
736,Doralyn,Carlyon,dcarlyonkf@stumbleupon.com,09/06/1939,Female,45.94.74.255
737,Jillie,Sunners,jsunnerskg@opensource.org,18/01/1965,Female,94.167.81.161
738,Mimi,Escott,mescottkh@google.pl,15/07/1946,Female,166.24.218.2
739,Harald,Gonzalvo,hgonzalvoki@slate.com,19/01/1943,Male,102.26.113.158
740,Shurlocke,Pittock,spittockkj@wikimedia.org,06/06/2016,Male,94.45.215.106
741,Leeland,MacGarvey,lmacgarveykk@google.nl,07/04/1965,Male,146.153.64.104
742,Frederic,Rapa,frapakl@networksolutions.com,13/01/1995,Male,232.113.97.29
743,Clevey,Brandone,cbrandonekm@ocn.ne.jp,30/07/1951,Male,121.232.162.19
744,Nap,Wrotchford,nwrotchfordkn@networkadvertising.org,19/05/1913,Male,246.35.42.196
745,Camile,Shakelady,cshakeladyko@ning.com,13/02/1969,Female,114.125.177.240
746,Cortie,Gaskarth,cgaskarthkp@mozilla.org,12/02/1965,Male,158.74.141.79
747,Francklyn,Carren,fcarrenkq@google.de,09/01/1959,Male,123.247.168.166
748,Devon,Sawnwy,dsawnwykr@google.ca,18/12/1987,Female,254.230.49.3
749,Melisent,Cordes,mcordesks@jigsy.com,29/09/1993,Female,234.99.201.40
750,Stefanie,Eakeley,seakeleykt@indiegogo.com,06/07/1992,Female,238.18.54.246
751,Ollie,Cornbell,ocornbellku@flickr.com,27/07/2005,Female,216.57.213.176
752,Basilius,Maguire,bmaguirekv@abc.net.au,25/04/1924,Male,133.21.237.42
753,Oates,Tansill,otansillkw@ucla.edu,19/10/1956,Male,134.71.34.224
754,Margarete,Moland,mmolandkx@webeden.co.uk,10/02/1971,Female,203.67.174.93
755,Doyle,Dover,ddoverky@forbes.com,29/09/1970,Male,172.127.150.47
756,Silvain,Paumier,spaumierkz@omniture.com,24/04/2006,Male,126.42.181.142
757,Briant,Buttery,bbutteryl0@arizona.edu,13/12/1940,Male,81.11.7.0
758,Opalina,Dullard,odullardl1@people.com.cn,14/11/1921,Female,132.136.209.7
759,Hamlen,Guerra,hguerral2@bravesites.com,18/03/1994,Male,131.116.45.147
760,Marja,Lewinton,mlewintonl3@virginia.edu,02/12/1989,Female,172.138.33.207
761,Marc,Volcker,mvolckerl4@amazon.co.jp,15/09/1954,Male,18.214.188.247
762,Bernetta,McGiff,bmcgiffl5@alexa.com,13/08/1929,Female,245.224.4.94
763,Ingelbert,Burdon,iburdonl6@google.com.hk,29/10/1948,Male,138.45.200.180
764,Jesselyn,O'Crigane,jocriganel7@geocities.com,01/08/1931,Female,109.214.111.202
765,Mohammed,Elsmor,melsmorl8@phpbb.com,18/10/1935,Male,196.157.141.201
766,Ashlen,Cogin,acoginl9@jalbum.net,22/06/1926,Female,97.174.120.84
767,Herrick,Yendle,hyendlela@apache.org,22/07/1974,Male,103.13.113.147
768,Duke,Pengilly,dpengillylb@youku.com,09/06/1954,Male,99.71.87.7
769,Farlay,Deniske,fdeniskelc@simplemachines.org,12/09/1943,Male,173.134.25.181
770,Wash,Shillum,wshillumld@surveymonkey.com,02/12/1948,Male,48.180.1.157
771,Tilda,Gidden,tgiddenle@cnbc.com,05/09/1942,Female,190.185.157.54
772,Leslie,Rookwell,lrookwelllf@photobucket.com,25/05/1987,Female,47.232.44.213
773,Raina,Kingstne,rkingstnelg@bloglines.com,29/09/1998,Female,227.139.57.38
774,Tandy,Lentsch,tlentschlh@smh.com.au,14/11/1916,Female,184.27.188.148
775,Raphael,Rosin,rrosinli@xinhuanet.com,06/03/1921,Male,163.15.50.3
776,Vivianne,Legat,vlegatlj@bigcartel.com,01/06/1910,Female,244.115.193.112
777,Lindi,Charman,lcharmanlk@flickr.com,19/03/1958,Female,188.98.83.236
778,Gabbey,Finnick,gfinnickll@sfgate.com,17/12/1920,Female,154.186.9.145
779,Jacintha,Wainer,jwainerlm@plala.or.jp,09/11/1950,Female,187.45.252.167
780,Neel,Cherry,ncherryln@imageshack.us,30/12/1977,Male,13.23.179.239
781,Corabella,Forshaw,cforshawlo@dyndns.org,25/01/1959,Female,147.45.165.45
782,Harlen,Boig,hboiglp@exblog.jp,28/06/1939,Male,23.53.118.213
783,Cam,Nicol,cnicollq@4shared.com,06/07/1921,Female,34.1.154.248
784,Analise,Finicj,afinicjlr@free.fr,13/10/1961,Female,172.152.166.90
785,Ferd,Pehrsson,fpehrssonls@washingtonpost.com,13/09/1979,Male,97.239.97.30
786,Rochette,Klees,rkleeslt@hexun.com,31/12/2004,Female,155.124.152.229
787,Janene,Eles,jeleslu@de.vu,29/06/1929,Female,204.232.131.178
788,Paxton,MacConneely,pmacconneelylv@nbcnews.com,22/12/1915,Male,59.176.187.249
789,Rhona,Witnall,rwitnalllw@addtoany.com,29/04/2005,Female,74.5.152.245
790,Uriah,Lux,uluxlx@yolasite.com,31/10/1967,Male,235.47.208.225
791,Gonzalo,Heinig,gheinigly@webnode.com,14/11/1972,Male,254.126.56.147
792,Clarey,Rikkard,crikkardlz@livejournal.com,22/11/2002,Female,211.26.178.228
793,Kayle,Steart,ksteartm0@google.es,22/11/1947,Female,119.207.206.188
794,Joceline,Raspin,jraspinm1@weibo.com,13/01/1994,Female,77.223.173.177
795,Jamison,McGinly,jmcginlym2@reuters.com,21/02/1911,Male,119.181.114.218
796,Winifred,Howard,whowardm3@sciencedaily.com,20/10/1994,Female,158.190.221.51
797,Stuart,Wilgar,swilgarm4@techcrunch.com,18/03/1919,Male,47.112.18.177
798,Turner,Rallings,trallingsm5@npr.org,08/01/1920,Male,44.29.172.87
799,Bealle,Hencke,bhenckem6@parallels.com,01/07/1997,Male,159.92.64.79
800,Mattie,Goede,mgoedem7@goo.gl,30/09/1919,Male,135.135.2.80
801,Carlynn,Garham,cgarhamm8@dyndns.org,24/05/1977,Female,9.173.12.246
802,Mohammed,Jacmard,mjacmardm9@meetup.com,21/08/2000,Male,104.171.231.217
803,Harlie,Blacket,hblacketma@zimbio.com,21/09/1936,Female,129.200.188.97
804,Evey,Briggs,ebriggsmb@about.me,01/03/1959,Female,49.102.51.199
805,Jeddy,Danaher,jdanahermc@pen.io,29/05/2010,Male,58.122.148.168
806,Marco,Estable,mestablemd@ted.com,13/01/2016,Male,210.96.4.23
807,Kyrstin,Trathen,ktrathenme@pbs.org,10/04/1997,Female,238.192.33.229
808,Karrie,Ellett,kellettmf@state.tx.us,17/08/1992,Female,227.76.184.140
809,Halie,Grishkov,hgrishkovmg@bing.com,27/10/1917,Female,197.70.41.227
810,Shanon,Inglese,singlesemh@parallels.com,17/05/1999,Female,94.26.83.84
811,Fran,Petroulis,fpetroulismi@meetup.com,10/12/1946,Female,20.155.47.137
812,Farlie,Yvens,fyvensmj@google.pl,04/03/1944,Male,31.14.33.129
813,Bevan,Mouatt,bmouattmk@oaic.gov.au,22/01/1963,Male,59.20.143.238
814,Kalila,Glyssanne,kglyssanneml@privacy.gov.au,22/12/2012,Female,153.129.190.255
815,Kendrick,Lively,klivelymm@dagondesign.com,10/02/2019,Male,1.61.184.100
816,Thea,Bromidge,tbromidgemn@example.com,25/03/1980,Female,102.215.159.88
817,James,Bollard,jbollardmo@businessweek.com,03/10/1916,Male,84.175.217.141
818,Dona,Ahmad,dahmadmp@dell.com,21/10/1923,Female,159.232.248.25
819,Gabriel,Long,glongmq@businessinsider.com,29/01/1958,Female,157.114.203.73
820,Horatio,Dries,hdriesmr@umn.edu,05/08/1993,Male,65.193.122.28
821,Wilfred,Nixon,wnixonms@1und1.de,04/03/2001,Male,56.101.48.219
822,Norman,Pierton,npiertonmt@army.mil,07/11/1977,Male,50.192.36.134
823,Babette,Bubbins,bbubbinsmu@yolasite.com,12/04/2016,Female,151.34.176.104
824,Giulietta,Hinemoor,ghinemoormv@cdbaby.com,17/11/1923,Female,141.147.228.165
825,Marie-jeanne,Tourner,mtournermw@fastcompany.com,23/10/1924,Female,68.203.72.130
826,Thorny,De Cleen,tdecleenmx@vkontakte.ru,25/04/1919,Male,184.160.30.198
827,Guss,Hargreave,ghargreavemy@ucsd.edu,02/02/2006,Male,199.77.79.33
828,Larry,Dilrew,ldilrewmz@mail.ru,15/01/1938,Male,149.99.12.54
829,Gib,Heselwood,gheselwoodn0@google.nl,25/09/1998,Male,245.130.1.251
830,Junette,Sandeland,jsandelandn1@weibo.com,12/06/2009,Female,95.213.203.22
831,Hill,Stibbs,hstibbsn2@ovh.net,19/07/1959,Male,253.245.96.36
832,Ozzie,Devons,odevonsn3@telegraph.co.uk,17/12/1969,Male,128.209.163.21
833,Tyrus,Chatel,tchateln4@geocities.jp,23/04/1925,Male,175.0.227.42
834,Ulrica,Daunter,udauntern5@de.vu,20/01/1920,Female,34.115.134.246
835,Gerda,Ragbourne,gragbournen6@blogs.com,18/03/1912,Female,122.185.151.123
836,Cassandra,Paolinelli,cpaolinellin7@angelfire.com,22/05/2000,Female,67.133.184.11
837,Tiebold,Sjostrom,tsjostromn8@skyrock.com,09/12/1959,Male,57.83.254.54
838,Neron,Newton,nnewtonn9@webs.com,11/01/2002,Male,77.34.184.49
839,Vilma,Gallgher,vgallgherna@ifeng.com,03/04/1921,Female,200.207.205.158
840,Krissie,Collyear,kcollyearnb@people.com.cn,12/08/2009,Female,21.42.34.156
841,Myrtle,Murcutt,mmurcuttnc@cargocollective.com,01/04/1988,Female,185.146.56.6
842,Darbie,Hallgarth,dhallgarthnd@sbwire.com,26/02/1965,Female,131.31.222.175
843,Edyth,Wincom,ewincomne@slashdot.org,08/01/1990,Female,80.225.86.163
844,Conant,Rhoddie,crhoddienf@imgur.com,05/05/1983,Male,214.232.37.111
845,Zebulon,Buey,zbueyng@simplemachines.org,05/12/2003,Male,237.68.114.31
846,Eugenio,MacAllister,emacallisternh@mapy.cz,28/08/1934,Male,254.59.113.200
847,Mycah,Giordano,mgiordanoni@sphinn.com,10/02/1984,Male,183.126.251.57
848,Clarinda,Cashen,ccashennj@amazon.co.jp,22/05/1997,Female,105.73.86.35
849,Courtnay,Titmuss,ctitmussnk@netvibes.com,24/06/1912,Female,25.89.112.57
850,Alisander,Charer,acharernl@edublogs.org,19/07/1938,Male,143.244.34.39
851,Lamont,Lowensohn,llowensohnnm@facebook.com,03/07/1999,Male,139.119.117.146
852,Woodie,Freyn,wfreynnn@europa.eu,20/09/2018,Male,203.14.68.162
853,Valentin,Sheldrick,vsheldrickno@mozilla.org,13/10/2013,Male,3.87.193.214
854,Eddie,Shalders,eshaldersnp@youtube.com,08/08/2002,Male,80.19.197.6
855,Shurlocke,Bukowski,sbukowskinq@networksolutions.com,15/01/2008,Male,216.64.112.239
856,Reid,Gier,rgiernr@about.me,05/07/1933,Male,192.40.115.155
857,Roland,Pickworth,rpickworthns@oracle.com,03/05/1946,Male,197.71.235.15
858,Bern,Crauford,bcraufordnt@miitbeian.gov.cn,28/04/1916,Male,60.72.207.241
859,Amalee,Kilfeather,akilfeathernu@soundcloud.com,10/05/1921,Female,0.9.227.56
860,Verney,Scarse,vscarsenv@simplemachines.org,09/11/1976,Male,190.155.240.231
861,Skipper,Ferrero,sferreronw@webeden.co.uk,30/12/1918,Male,184.87.69.99
862,Lamont,Petricek,lpetriceknx@stanford.edu,07/11/1951,Male,124.168.115.254
863,Ulrike,Flieg,ufliegny@google.co.uk,26/12/1966,Female,128.97.56.40
864,Lucila,Douche,ldouchenz@php.net,02/06/1912,Female,85.138.155.144
865,Val,Grunguer,vgrunguero0@jimdo.com,23/07/1923,Female,4.46.52.155
866,Erda,Alleyne,ealleyneo1@soundcloud.com,24/04/1993,Female,128.147.88.104
867,Edsel,Munnis,emunniso2@ocn.ne.jp,15/12/1911,Male,75.72.4.31
868,Antonin,McKea,amckeao3@auda.org.au,19/05/1946,Male,177.8.4.233
869,Levi,Beagan,lbeagano4@japanpost.jp,15/02/2017,Male,226.10.222.2
870,Lindy,Iffland,lifflando5@globo.com,19/02/1958,Male,50.117.57.78
871,Nate,Spiteri,nspiterio6@dyndns.org,21/11/1968,Male,81.195.192.137
872,Chrystel,Baty,cbatyo7@slate.com,07/06/1968,Female,30.177.205.206
873,Amie,Dennerley,adennerleyo8@skype.com,07/08/1984,Female,46.83.244.98
874,Willette,Dodwell,wdodwello9@ftc.gov,01/03/1934,Female,255.231.131.103
875,Loralyn,Copp,lcoppoa@domainmarket.com,16/02/1928,Female,181.13.23.233
876,Mignon,Jedrzej,mjedrzejob@live.com,30/11/1960,Female,191.62.13.16
877,Gillan,Jindacek,gjindacekoc@jalbum.net,16/01/1982,Female,241.205.241.36
878,La verne,Messer,lmesserod@reference.com,18/07/1987,Female,57.38.110.51
879,Aldis,Cribbin,acribbinoe@com.com,22/08/2005,Male,91.172.188.254
880,Dilan,McEachern,dmceachernof@icio.us,19/12/1939,Male,132.13.70.48
881,Norine,De'Ath,ndeathog@google.co.jp,22/08/1924,Female,28.33.120.67
882,Dawna,Luff,dluffoh@senate.gov,22/02/1985,Female,185.133.49.14
883,Mindy,Nelle,mnelleoi@altervista.org,14/08/1990,Female,167.81.140.242
884,Brendon,Mazzei,bmazzeioj@wikimedia.org,09/08/1955,Male,103.206.232.118
885,Jessalin,Sisson,jsissonok@list-manage.com,10/12/2002,Female,253.166.241.219
886,Bobbee,Tumber,btumberol@t.co,21/04/1931,Female,138.172.231.153
887,Even,Faltin,efaltinom@psu.edu,22/09/1916,Male,219.249.5.17
888,Cody,Preddle,cpreddleon@mac.com,16/06/1940,Male,125.56.240.109
889,Waverly,Flockhart,wflockhartoo@blogspot.com,12/04/1910,Male,167.220.14.30
890,Den,Solan,dsolanop@over-blog.com,02/10/1982,Male,0.137.230.196
891,Keefer,Bow,kbowoq@baidu.com,22/07/1979,Male,5.32.10.145
892,Aidan,Cruddace,acruddaceor@baidu.com,05/09/2011,Female,220.190.252.20
893,Jeralee,Dunning,jdunningos@amazon.co.uk,11/09/1979,Female,198.225.6.2
894,Lydie,Gallop,lgallopot@opensource.org,26/08/1924,Female,25.158.105.100
895,Clarke,Glyssanne,cglyssanneou@123-reg.co.uk,17/06/1975,Male,84.100.81.134
896,Van,Skeat,vskeatov@un.org,06/06/1956,Male,145.73.56.66
897,Abbie,Kirk,akirkow@yellowpages.com,20/04/2000,Female,243.108.207.154
898,Lise,Hindenburg,lhindenburgox@rambler.ru,18/06/2019,Female,194.208.189.101
899,Antonio,Bentham,abenthamoy@theguardian.com,02/01/1973,Male,131.91.183.252
900,Min,Rowantree,mrowantreeoz@senate.gov,22/02/1922,Female,242.81.178.214
901,Elyn,Jobe,ejobep0@japanpost.jp,17/04/1914,Female,123.75.91.145
902,Amery,Sarten,asartenp1@who.int,05/03/1997,Male,219.197.242.130
903,Corbett,Morsey,cmorseyp2@nyu.edu,21/12/1957,Male,218.208.232.212
904,Glyn,Donlon,gdonlonp3@discuz.net,15/04/2012,Female,217.132.225.57
905,Jori,Skerratt,jskerrattp4@hud.gov,22/12/2018,Female,27.220.49.137
906,Eward,Stallebrass,estallebrassp5@google.com.hk,21/10/1933,Male,115.31.191.8
907,Lambert,Ellerman,lellermanp6@skyrock.com,18/10/1922,Male,225.166.143.220
908,Dwain,Reditt,dredittp7@cargocollective.com,10/01/2015,Male,235.116.113.100
909,Elizabet,Brumfitt,ebrumfittp8@mysql.com,16/10/1923,Female,182.16.219.222
910,Corrie,Yule,cyulep9@alibaba.com,19/11/1991,Male,37.151.66.152
911,Celestyna,Mewha,cmewhapa@drupal.org,02/10/1972,Female,179.42.76.119
912,Kesley,Kensley,kkensleypb@sfgate.com,05/07/1980,Female,226.183.45.231
913,Giusto,Camillo,gcamillopc@msn.com,16/11/1974,Male,219.208.138.111
914,Melvin,Retchford,mretchfordpd@webeden.co.uk,19/03/1934,Male,138.21.197.46
915,Shaine,Gilfoyle,sgilfoylepe@twitpic.com,08/09/1916,Male,32.173.8.234
916,Johnny,Ricart,jricartpf@who.int,15/07/1960,Male,120.158.69.79
917,Karol,Gobell,kgobellpg@mozilla.org,15/08/1960,Female,91.190.39.190
918,Hewett,McGinney,hmcginneyph@weibo.com,30/10/1941,Male,11.8.58.30
919,Stern,Innocenti,sinnocentipi@mtv.com,02/03/1989,Male,19.138.129.207
920,Jarvis,Dyet,jdyetpj@goo.gl,09/10/1939,Male,203.45.53.230
921,Dael,Shakesbye,dshakesbyepk@angelfire.com,10/02/1919,Female,29.63.215.68
922,Kele,Sidden,ksiddenpl@jugem.jp,22/04/2004,Male,252.37.225.162
923,Bibby,Glen,bglenpm@hibu.com,23/12/1966,Female,180.83.174.41
924,Johnathon,Smalls,jsmallspn@bravesites.com,26/12/1946,Male,28.57.73.244
925,Collen,Searson,csearsonpo@cdc.gov,01/09/1938,Female,69.86.175.160
926,Fawne,Stayte,fstaytepp@boston.com,26/02/1980,Female,194.108.91.182
927,Loralie,O'Haire,lohairepq@boston.com,21/07/2005,Female,143.67.159.213
928,Skyler,Kubczak,skubczakpr@chicagotribune.com,23/02/1934,Male,183.90.145.236
929,Charmine,Reisenstein,creisensteinps@dyndns.org,05/05/2007,Female,216.203.110.148
930,Antin,Lequeux,alequeuxpt@123-reg.co.uk,21/01/1999,Male,44.152.78.241
931,Sterne,Kurdani,skurdanipu@vistaprint.com,23/12/1954,Male,134.47.31.120
932,Letty,Bohey,lboheypv@xing.com,08/03/1971,Female,216.212.242.135
933,Adara,Haxell,ahaxellpw@ftc.gov,25/09/1972,Female,194.121.38.245
934,Bertie,Blackesland,bblackeslandpx@hubpages.com,05/12/1963,Male,99.191.215.54
935,Berty,Tucsell,btucsellpy@lycos.com,23/07/1923,Female,235.150.51.212
936,Dodie,Buckel,dbuckelpz@nba.com,16/02/1980,Female,57.148.67.82
937,Florella,O'Curneen,focurneenq0@aboutads.info,24/10/1913,Female,69.245.170.23
938,Bartholomew,Noyes,bnoyesq1@comsenz.com,06/11/2013,Male,221.152.220.87
939,Boniface,Olenin,boleninq2@guardian.co.uk,26/02/1948,Male,83.150.235.187
940,Gerard,Larratt,glarrattq3@adobe.com,19/12/1940,Male,237.78.220.88
941,Gill,Kelbie,gkelbieq4@mayoclinic.com,18/07/1968,Male,53.47.128.200
942,Petra,Godball,pgodballq5@facebook.com,28/08/2000,Female,41.252.185.84
943,Pryce,Legges,pleggesq6@issuu.com,28/05/1942,Male,157.186.80.162
944,Kirbie,Robe,krobeq7@independent.co.uk,31/12/1948,Female,181.218.239.65
945,Rollie,Clampe,rclampeq8@qq.com,20/02/1954,Male,28.99.28.118
946,Jakob,Bilam,jbilamq9@cornell.edu,27/05/2000,Male,249.101.188.37
947,Faunie,Arstingall,farstingallqa@sourceforge.net,21/07/2016,Female,72.4.180.249
948,Rica,Libbis,rlibbisqb@goo.gl,26/01/1929,Female,70.161.172.200
949,Jenny,Rampage,jrampageqc@ovh.net,04/05/1941,Female,173.242.236.54
950,Wilmer,Scollan,wscollanqd@google.es,18/08/1964,Male,129.222.188.245
951,Myrtia,Davydychev,mdavydychevqe@google.co.uk,21/02/1935,Female,235.187.85.173
952,Charlotte,Crosbie,ccrosbieqf@fda.gov,08/06/2000,Female,202.136.1.113
953,Sloan,Bole,sboleqg@weibo.com,12/04/1938,Male,245.78.237.95
954,Muire,Pady,mpadyqh@youtu.be,05/08/1923,Female,198.153.117.114
955,Rozanne,Jennens,rjennensqi@plala.or.jp,22/01/2001,Female,120.126.35.84
956,Paddie,Artus,partusqj@ed.gov,16/08/1942,Male,179.229.54.134
957,Ronnica,Mapledorum,rmapledorumqk@mapy.cz,13/07/1922,Female,12.216.36.44
958,Aldric,Simonnot,asimonnotql@msu.edu,02/12/1977,Male,172.87.88.193
959,Pyotr,Godsafe,pgodsafeqm@scribd.com,24/09/1927,Male,158.181.97.20
960,Aridatha,Itzhaiek,aitzhaiekqn@php.net,30/05/2009,Female,163.61.235.62
961,Talyah,Ipsgrave,tipsgraveqo@house.gov,25/06/1976,Female,126.31.198.210
962,Terri,Rebeiro,trebeiroqp@nps.gov,12/01/2019,Male,245.198.154.4
963,Giuseppe,Abrahamowitcz,gabrahamowitczqq@amazon.com,29/11/2013,Male,238.90.61.223
964,Nadia,Penhaligon,npenhaligonqr@slashdot.org,29/10/1964,Female,72.160.225.22
965,Dwain,Essery,desseryqs@dagondesign.com,28/10/1932,Male,50.126.50.210
966,Joellen,Bendell,jbendellqt@networksolutions.com,23/06/1952,Female,129.92.223.146
967,Felice,Dickerson,fdickersonqu@cocolog-nifty.com,25/10/1921,Male,229.99.34.14
968,Agnes,Sommerville,asommervilleqv@go.com,11/05/1934,Female,27.19.192.133
969,Roth,Miebes,rmiebesqw@ocn.ne.jp,18/08/1915,Male,207.206.55.107
970,Giustina,Bixley,gbixleyqx@irs.gov,20/11/1910,Female,179.141.111.121
971,Anstice,Kember,akemberqy@ihg.com,17/12/1979,Female,83.199.244.119
972,Malory,Wesson,mwessonqz@dedecms.com,13/07/1986,Female,70.195.217.66
973,Mari,Bullick,mbullickr0@boston.com,17/07/1938,Female,17.23.102.112
974,Alvis,Brimblecomb,abrimblecombr1@cafepress.com,17/06/1967,Male,98.252.152.176
975,Carny,Allicock,callicockr2@bbb.org,25/04/2016,Male,64.66.27.161
976,Nelson,Peasey,npeaseyr3@blog.com,10/05/1957,Male,230.20.2.1
977,Leroy,Reimer,lreimerr4@samsung.com,04/11/2003,Male,78.105.228.206
978,Frederic,Swaffer,fswafferr5@dot.gov,28/06/2007,Male,228.70.139.151
979,Michaeline,Duffield,mduffieldr6@hexun.com,09/08/1981,Female,171.179.49.203
980,Gay,Stove,gstover7@rambler.ru,28/04/1946,Female,148.70.221.7
981,Delmor,Packe,dpacker8@dmoz.org,29/11/1931,Male,161.59.242.7
982,Rosemarie,MacCracken,rmaccrackenr9@wikia.com,05/05/1912,Female,49.197.132.98
983,Boyd,Kingzett,bkingzettra@shareasale.com,13/11/1918,Male,170.246.23.220
984,Garrard,Mawer,gmawerrb@nih.gov,19/07/1923,Male,135.230.83.70
985,Crissy,Brussels,cbrusselsrc@nhs.uk,22/05/1941,Female,22.227.149.198
986,Grannie,Narup,gnaruprd@ocn.ne.jp,09/10/1933,Male,19.220.185.213
987,Mariejeanne,Beckinsall,mbeckinsallre@opera.com,31/01/1953,Female,180.202.111.115
988,Don,Chittie,dchittierf@free.fr,05/06/1925,Male,231.115.130.57
989,Gayleen,Lau,glaurg@hugedomains.com,22/01/1986,Female,83.192.119.237
990,Geno,Pointer,gpointerrh@arizona.edu,01/10/1926,Male,20.211.108.106
991,Sherlocke,Christmas,schristmasri@4shared.com,04/03/2007,Male,97.157.51.206
992,Tonnie,Pulford,tpulfordrj@digg.com,02/09/2019,Male,141.194.93.86
993,Cheri,Treasure,ctreasurerk@intel.com,01/10/2015,Female,165.48.213.77
994,Brendan,Kendall,bkendallrl@altervista.org,17/08/1959,Male,187.228.155.254
995,Rea,Aldous,raldousrm@archive.org,05/03/1927,Female,184.228.164.178
996,Moselle,Blampy,mblampyrn@mozilla.com,23/08/1997,Female,215.162.106.199
997,Cassie,McCurt,cmccurtro@purevolume.com,28/05/1928,Male,140.79.68.35
998,Ebeneser,Cambden,ecambdenrp@si.edu,08/11/1993,Male,98.225.224.90
999,Cookie,Yanukhin,cyanukhinrq@bloglovin.com,01/09/1982,Female,27.178.29.140
1000,Elka,Crowdson,ecrowdsonrr@bloomberg.com,07/11/1992,Female,254.198.248.240
